ISO-10303-21;
HEADER;
/* Generated by software containing ST-Developer
 * from STEP Tools, Inc. (www.steptools.com) 
 */
/* OPTION: strings as raw bytes, not using required /X/ escapes */

FILE_DESCRIPTION(
/* description */ ('Unknown'),
/* implementation_level */ '2;1');

FILE_NAME(
/* name */ 'KLS2-126-02P',
/* time_stamp */ '2025-08-10T12:34:41+03:00',
/* author */ ('Unknown'),
/* organization */ ('Unknown'),
/* preprocessor_version */ 'ST-DEVELOPER v19.4',
/* originating_system */ 'Solid Edge',
/* authorisation */ 'Unknown');

FILE_SCHEMA (('AUTOMOTIVE_DESIGN {1 0 10303 214 3 1 1}'));
ENDSEC;

DATA;
#10=PROPERTY_DEFINITION_REPRESENTATION(#14,#12);
#11=PROPERTY_DEFINITION_REPRESENTATION(#15,#13);
#12=REPRESENTATION('',(#16),#4633);
#13=REPRESENTATION('',(#17),#4633);
#14=PROPERTY_DEFINITION('pmi validation property','',#4648);
#15=PROPERTY_DEFINITION('pmi validation property','',#4648);
#16=VALUE_REPRESENTATION_ITEM('number of annotations',COUNT_MEASURE(0.));
#17=VALUE_REPRESENTATION_ITEM('number of views',COUNT_MEASURE(0.));
#18=CONICAL_SURFACE('',#3043,0.9,0.785398163397448);
#19=TOROIDAL_SURFACE('',#3026,0.45,0.1);
#20=TOROIDAL_SURFACE('',#3044,1.7,0.2);
#21=TOROIDAL_SURFACE('',#3045,1.7,0.2);
#22=B_SPLINE_CURVE_WITH_KNOTS('',3,(#4427,#4428,#4429,#4430),
 .UNSPECIFIED.,.F.,.F.,(4,4),(0.,0.000314696920908033),.UNSPECIFIED.);
#23=B_SPLINE_CURVE_WITH_KNOTS('',3,(#4499,#4500,#4501,#4502),
 .UNSPECIFIED.,.F.,.F.,(4,4),(0.,0.000314696920908033),.UNSPECIFIED.);
#24=B_SPLINE_CURVE_WITH_KNOTS('',3,(#4559,#4560,#4561,#4562),
 .UNSPECIFIED.,.F.,.F.,(4,4),(0.,0.000314700350335895),.UNSPECIFIED.);
#25=B_SPLINE_CURVE_WITH_KNOTS('',3,(#4565,#4566,#4567,#4568),
 .UNSPECIFIED.,.F.,.F.,(4,4),(0.,0.000314700350335895),.UNSPECIFIED.);
#26=CONTEXT_DEPENDENT_SHAPE_REPRESENTATION(#38,#4650);
#27=CONTEXT_DEPENDENT_SHAPE_REPRESENTATION(#39,#4653);
#28=CONTEXT_DEPENDENT_SHAPE_REPRESENTATION(#40,#4655);
#29=CONTEXT_DEPENDENT_SHAPE_REPRESENTATION(#41,#4657);
#30=CONTEXT_DEPENDENT_SHAPE_REPRESENTATION(#42,#4658);
#31=CONTEXT_DEPENDENT_SHAPE_REPRESENTATION(#43,#4659);
#32=NEXT_ASSEMBLY_USAGE_OCCURRENCE('KLS2-126-5.0-02P_body',
'KLS2-126-5.0-02P_body','KLS2-126-5.0-02P_body',#4660,#4661,'');
#33=NEXT_ASSEMBLY_USAGE_OCCURRENCE('KLS2-126_pin_body',
'KLS2-126_pin_body','KLS2-126_pin_body',#4662,#4663,'');
#34=NEXT_ASSEMBLY_USAGE_OCCURRENCE('KLS2-126_spring','KLS2-126_spring',
'KLS2-126_spring',#4662,#4664,'');
#35=NEXT_ASSEMBLY_USAGE_OCCURRENCE('KLS2-126_screw_S',
'KLS2-126_screw_S','KLS2-126_screw_S',#4662,#4665,'');
#36=NEXT_ASSEMBLY_USAGE_OCCURRENCE('KLS2-126_pin','KLS2-126_pin',
'KLS2-126_pin',#4660,#4662,'');
#37=NEXT_ASSEMBLY_USAGE_OCCURRENCE('KLS2-126_pin','KLS2-126_pin',
'KLS2-126_pin',#4660,#4662,'');
#38=(
REPRESENTATION_RELATIONSHIP(' ',' ',#2788,#2789)
REPRESENTATION_RELATIONSHIP_WITH_TRANSFORMATION(#44)
SHAPE_REPRESENTATION_RELATIONSHIP()
);
#39=(
REPRESENTATION_RELATIONSHIP(' ',' ',#2790,#2791)
REPRESENTATION_RELATIONSHIP_WITH_TRANSFORMATION(#45)
SHAPE_REPRESENTATION_RELATIONSHIP()
);
#40=(
REPRESENTATION_RELATIONSHIP(' ',' ',#2792,#2791)
REPRESENTATION_RELATIONSHIP_WITH_TRANSFORMATION(#46)
SHAPE_REPRESENTATION_RELATIONSHIP()
);
#41=(
REPRESENTATION_RELATIONSHIP(' ',' ',#2793,#2791)
REPRESENTATION_RELATIONSHIP_WITH_TRANSFORMATION(#47)
SHAPE_REPRESENTATION_RELATIONSHIP()
);
#42=(
REPRESENTATION_RELATIONSHIP(' ',' ',#2791,#2789)
REPRESENTATION_RELATIONSHIP_WITH_TRANSFORMATION(#48)
SHAPE_REPRESENTATION_RELATIONSHIP()
);
#43=(
REPRESENTATION_RELATIONSHIP(' ',' ',#2791,#2789)
REPRESENTATION_RELATIONSHIP_WITH_TRANSFORMATION(#49)
SHAPE_REPRESENTATION_RELATIONSHIP()
);
#44=ITEM_DEFINED_TRANSFORMATION(' ',' ',#2794,#2857);
#45=ITEM_DEFINED_TRANSFORMATION(' ',' ',#2794,#2909);
#46=ITEM_DEFINED_TRANSFORMATION(' ',' ',#2794,#2959);
#47=ITEM_DEFINED_TRANSFORMATION(' ',' ',#2794,#3046);
#48=ITEM_DEFINED_TRANSFORMATION(' ',' ',#2794,#3047);
#49=ITEM_DEFINED_TRANSFORMATION(' ',' ',#2794,#3048);
#50=SHAPE_REPRESENTATION_RELATIONSHIP('','',#2788,#54);
#51=SHAPE_REPRESENTATION_RELATIONSHIP('','',#2790,#55);
#52=SHAPE_REPRESENTATION_RELATIONSHIP('','',#2792,#56);
#53=SHAPE_REPRESENTATION_RELATIONSHIP('','',#2793,#57);
#54=ADVANCED_BREP_SHAPE_REPRESENTATION('',(#2778),#4634);
#55=ADVANCED_BREP_SHAPE_REPRESENTATION('',(#2779),#4636);
#56=ADVANCED_BREP_SHAPE_REPRESENTATION('',(#2780),#4637);
#57=ADVANCED_BREP_SHAPE_REPRESENTATION('',(#2781),#4638);
#58=CIRCLE('',#2799,1.1);
#59=CIRCLE('',#2800,1.1);
#60=CIRCLE('',#2805,2.);
#61=CIRCLE('',#2806,2.);
#62=CIRCLE('',#2814,0.3);
#63=CIRCLE('',#2815,0.1);
#64=CIRCLE('',#2816,0.1);
#65=CIRCLE('',#2821,2.);
#66=CIRCLE('',#2823,0.3);
#67=CIRCLE('',#2824,0.1);
#68=CIRCLE('',#2825,0.1);
#69=CIRCLE('',#2832,1.1);
#70=CIRCLE('',#2839,2.);
#71=CIRCLE('',#2841,1.1);
#72=CIRCLE('',#2860,1.05);
#73=CIRCLE('',#2863,1.05);
#74=CIRCLE('',#2866,0.3);
#75=CIRCLE('',#2867,0.3);
#76=CIRCLE('',#2868,0.3);
#77=CIRCLE('',#2869,0.3);
#78=CIRCLE('',#2870,0.9);
#79=CIRCLE('',#2871,0.9);
#80=CIRCLE('',#2872,0.9);
#81=CIRCLE('',#2873,0.9);
#82=CIRCLE('',#2876,0.9);
#83=CIRCLE('',#2877,0.9);
#84=CIRCLE('',#2878,0.9);
#85=CIRCLE('',#2879,0.9);
#86=CIRCLE('',#2880,0.3);
#87=CIRCLE('',#2881,0.3);
#88=CIRCLE('',#2882,0.3);
#89=CIRCLE('',#2883,0.3);
#90=CIRCLE('',#2886,1.05);
#91=CIRCLE('',#2888,1.05);
#92=CIRCLE('',#2904,0.5);
#93=CIRCLE('',#2907,0.5);
#94=CIRCLE('',#2916,0.1);
#95=CIRCLE('',#2917,0.3);
#96=CIRCLE('',#2919,0.1);
#97=CIRCLE('',#2921,0.3);
#98=CIRCLE('',#2928,0.3);
#99=CIRCLE('',#2929,0.3);
#100=CIRCLE('',#2931,0.1);
#101=CIRCLE('',#2933,0.1);
#102=CIRCLE('',#2936,1.15);
#103=CIRCLE('',#2937,1.15);
#104=CIRCLE('',#2948,0.1);
#105=CIRCLE('',#2949,0.3);
#106=CIRCLE('',#2951,0.1);
#107=CIRCLE('',#2952,0.3);
#108=CIRCLE('',#2961,1.9);
#109=CIRCLE('',#2962,0.1);
#110=CIRCLE('',#2963,0.55);
#111=CIRCLE('',#2964,0.1);
#112=CIRCLE('',#2967,1.7);
#113=CIRCLE('',#2968,0.1);
#114=CIRCLE('',#2969,0.55);
#115=CIRCLE('',#2970,0.1);
#116=CIRCLE('',#2971,0.1);
#117=CIRCLE('',#2972,0.1);
#118=CIRCLE('',#2973,0.1);
#119=CIRCLE('',#2974,0.55);
#120=CIRCLE('',#2975,0.1);
#121=CIRCLE('',#2977,0.1);
#122=CIRCLE('',#2978,0.1);
#123=CIRCLE('',#2979,0.1);
#124=CIRCLE('',#2980,0.55);
#125=CIRCLE('',#2981,0.1);
#126=CIRCLE('',#2983,0.55);
#127=CIRCLE('',#2984,0.1);
#128=CIRCLE('',#2985,0.1);
#129=CIRCLE('',#2986,0.1);
#130=CIRCLE('',#2987,0.1);
#131=CIRCLE('',#2992,1.7);
#132=CIRCLE('',#2993,0.1);
#133=CIRCLE('',#2994,0.55);
#134=CIRCLE('',#2995,0.1);
#135=CIRCLE('',#2996,0.1);
#136=CIRCLE('',#2997,0.1);
#137=CIRCLE('',#2998,0.1);
#138=CIRCLE('',#2999,0.55);
#139=CIRCLE('',#3000,0.1);
#140=CIRCLE('',#3002,1.9);
#141=CIRCLE('',#3003,1.9);
#142=CIRCLE('',#3004,1.9);
#143=CIRCLE('',#3005,1.9);
#144=CIRCLE('',#3007,1.1);
#145=CIRCLE('',#3009,1.1);
#146=CIRCLE('',#3013,0.1);
#147=CIRCLE('',#3014,0.55);
#148=CIRCLE('',#3015,0.1);
#149=CIRCLE('',#3021,0.45);
#150=CIRCLE('',#3023,0.55);
#151=CIRCLE('',#3038,0.9);
#152=CIRCLE('',#3039,0.9);
#153=CIRCLE('',#3042,0.65);
#154=CYLINDRICAL_SURFACE('',#2798,1.1);
#155=CYLINDRICAL_SURFACE('',#2804,2.);
#156=CYLINDRICAL_SURFACE('',#2838,2.);
#157=CYLINDRICAL_SURFACE('',#2842,1.1);
#158=CYLINDRICAL_SURFACE('',#2851,0.1);
#159=CYLINDRICAL_SURFACE('',#2852,0.1);
#160=CYLINDRICAL_SURFACE('',#2853,0.3);
#161=CYLINDRICAL_SURFACE('',#2892,0.3);
#162=CYLINDRICAL_SURFACE('',#2893,0.3);
#163=CYLINDRICAL_SURFACE('',#2894,0.3);
#164=CYLINDRICAL_SURFACE('',#2895,0.3);
#165=CYLINDRICAL_SURFACE('',#2896,0.9);
#166=CYLINDRICAL_SURFACE('',#2897,0.9);
#167=CYLINDRICAL_SURFACE('',#2898,0.9);
#168=CYLINDRICAL_SURFACE('',#2899,0.9);
#169=CYLINDRICAL_SURFACE('',#2900,1.05);
#170=CYLINDRICAL_SURFACE('',#2901,1.05);
#171=CYLINDRICAL_SURFACE('',#2908,0.5);
#172=CYLINDRICAL_SURFACE('',#2918,0.1);
#173=CYLINDRICAL_SURFACE('',#2922,0.3);
#174=CYLINDRICAL_SURFACE('',#2927,0.3);
#175=CYLINDRICAL_SURFACE('',#2932,0.1);
#176=CYLINDRICAL_SURFACE('',#2935,1.15);
#177=CYLINDRICAL_SURFACE('',#2953,0.3);
#178=CYLINDRICAL_SURFACE('',#2954,0.1);
#179=CYLINDRICAL_SURFACE('',#3001,1.9);
#180=CYLINDRICAL_SURFACE('',#3008,1.1);
#181=CYLINDRICAL_SURFACE('',#3022,0.55);
#182=CYLINDRICAL_SURFACE('',#3024,0.1);
#183=CYLINDRICAL_SURFACE('',#3025,0.1);
#184=CYLINDRICAL_SURFACE('',#3027,0.1);
#185=CYLINDRICAL_SURFACE('',#3028,0.1);
#186=CYLINDRICAL_SURFACE('',#3029,0.1);
#187=CYLINDRICAL_SURFACE('',#3030,0.1);
#188=CYLINDRICAL_SURFACE('',#3031,0.1);
#189=CYLINDRICAL_SURFACE('',#3032,0.1);
#190=CYLINDRICAL_SURFACE('',#3033,0.1);
#191=CYLINDRICAL_SURFACE('',#3034,0.1);
#192=CYLINDRICAL_SURFACE('',#3035,0.1);
#193=CYLINDRICAL_SURFACE('',#3036,0.1);
#194=CYLINDRICAL_SURFACE('',#3037,0.9);
#195=ORIENTED_EDGE('',*,*,#947,.F.);
#196=ORIENTED_EDGE('',*,*,#948,.F.);
#197=ORIENTED_EDGE('',*,*,#949,.F.);
#198=ORIENTED_EDGE('',*,*,#950,.F.);
#199=ORIENTED_EDGE('',*,*,#951,.F.);
#200=ORIENTED_EDGE('',*,*,#952,.F.);
#201=ORIENTED_EDGE('',*,*,#953,.F.);
#202=ORIENTED_EDGE('',*,*,#954,.F.);
#203=ORIENTED_EDGE('',*,*,#955,.F.);
#204=ORIENTED_EDGE('',*,*,#949,.T.);
#205=ORIENTED_EDGE('',*,*,#956,.F.);
#206=ORIENTED_EDGE('',*,*,#951,.T.);
#207=ORIENTED_EDGE('',*,*,#957,.F.);
#208=ORIENTED_EDGE('',*,*,#958,.F.);
#209=ORIENTED_EDGE('',*,*,#959,.F.);
#210=ORIENTED_EDGE('',*,*,#960,.T.);
#211=ORIENTED_EDGE('',*,*,#961,.T.);
#212=ORIENTED_EDGE('',*,*,#962,.F.);
#213=ORIENTED_EDGE('',*,*,#963,.F.);
#214=ORIENTED_EDGE('',*,*,#964,.F.);
#215=ORIENTED_EDGE('',*,*,#965,.F.);
#216=ORIENTED_EDGE('',*,*,#966,.F.);
#217=ORIENTED_EDGE('',*,*,#962,.T.);
#218=ORIENTED_EDGE('',*,*,#967,.T.);
#219=ORIENTED_EDGE('',*,*,#968,.F.);
#220=ORIENTED_EDGE('',*,*,#969,.F.);
#221=ORIENTED_EDGE('',*,*,#964,.T.);
#222=ORIENTED_EDGE('',*,*,#970,.T.);
#223=ORIENTED_EDGE('',*,*,#971,.T.);
#224=ORIENTED_EDGE('',*,*,#972,.F.);
#225=ORIENTED_EDGE('',*,*,#959,.T.);
#226=ORIENTED_EDGE('',*,*,#971,.F.);
#227=ORIENTED_EDGE('',*,*,#973,.T.);
#228=ORIENTED_EDGE('',*,*,#950,.T.);
#229=ORIENTED_EDGE('',*,*,#955,.T.);
#230=ORIENTED_EDGE('',*,*,#974,.F.);
#231=ORIENTED_EDGE('',*,*,#975,.F.);
#232=ORIENTED_EDGE('',*,*,#960,.F.);
#233=ORIENTED_EDGE('',*,*,#974,.T.);
#234=ORIENTED_EDGE('',*,*,#958,.T.);
#235=ORIENTED_EDGE('',*,*,#976,.F.);
#236=ORIENTED_EDGE('',*,*,#977,.F.);
#237=ORIENTED_EDGE('',*,*,#957,.T.);
#238=ORIENTED_EDGE('',*,*,#954,.T.);
#239=ORIENTED_EDGE('',*,*,#978,.F.);
#240=ORIENTED_EDGE('',*,*,#979,.F.);
#241=ORIENTED_EDGE('',*,*,#976,.T.);
#242=ORIENTED_EDGE('',*,*,#980,.T.);
#243=ORIENTED_EDGE('',*,*,#975,.T.);
#244=ORIENTED_EDGE('',*,*,#977,.T.);
#245=ORIENTED_EDGE('',*,*,#979,.T.);
#246=ORIENTED_EDGE('',*,*,#967,.F.);
#247=ORIENTED_EDGE('',*,*,#961,.F.);
#248=ORIENTED_EDGE('',*,*,#969,.T.);
#249=ORIENTED_EDGE('',*,*,#981,.T.);
#250=ORIENTED_EDGE('',*,*,#947,.T.);
#251=ORIENTED_EDGE('',*,*,#973,.F.);
#252=ORIENTED_EDGE('',*,*,#980,.F.);
#253=ORIENTED_EDGE('',*,*,#978,.T.);
#254=ORIENTED_EDGE('',*,*,#953,.T.);
#255=ORIENTED_EDGE('',*,*,#982,.T.);
#256=ORIENTED_EDGE('',*,*,#983,.F.);
#257=ORIENTED_EDGE('',*,*,#984,.T.);
#258=ORIENTED_EDGE('',*,*,#985,.T.);
#259=ORIENTED_EDGE('',*,*,#986,.T.);
#260=ORIENTED_EDGE('',*,*,#987,.F.);
#261=ORIENTED_EDGE('',*,*,#988,.F.);
#262=ORIENTED_EDGE('',*,*,#989,.T.);
#263=ORIENTED_EDGE('',*,*,#990,.T.);
#264=ORIENTED_EDGE('',*,*,#991,.F.);
#265=ORIENTED_EDGE('',*,*,#992,.F.);
#266=ORIENTED_EDGE('',*,*,#993,.T.);
#267=ORIENTED_EDGE('',*,*,#994,.F.);
#268=ORIENTED_EDGE('',*,*,#995,.T.);
#269=ORIENTED_EDGE('',*,*,#996,.F.);
#270=ORIENTED_EDGE('',*,*,#997,.T.);
#271=ORIENTED_EDGE('',*,*,#965,.T.);
#272=ORIENTED_EDGE('',*,*,#982,.F.);
#273=ORIENTED_EDGE('',*,*,#952,.T.);
#274=ORIENTED_EDGE('',*,*,#956,.T.);
#275=ORIENTED_EDGE('',*,*,#948,.T.);
#276=ORIENTED_EDGE('',*,*,#981,.F.);
#277=ORIENTED_EDGE('',*,*,#968,.T.);
#278=ORIENTED_EDGE('',*,*,#998,.T.);
#279=ORIENTED_EDGE('',*,*,#999,.F.);
#280=ORIENTED_EDGE('',*,*,#1000,.F.);
#281=ORIENTED_EDGE('',*,*,#991,.T.);
#282=ORIENTED_EDGE('',*,*,#1001,.T.);
#283=ORIENTED_EDGE('',*,*,#1002,.T.);
#284=ORIENTED_EDGE('',*,*,#1003,.F.);
#285=ORIENTED_EDGE('',*,*,#1004,.T.);
#286=ORIENTED_EDGE('',*,*,#1005,.T.);
#287=ORIENTED_EDGE('',*,*,#1006,.T.);
#288=ORIENTED_EDGE('',*,*,#1007,.F.);
#289=ORIENTED_EDGE('',*,*,#1008,.T.);
#290=ORIENTED_EDGE('',*,*,#997,.F.);
#291=ORIENTED_EDGE('',*,*,#1009,.F.);
#292=ORIENTED_EDGE('',*,*,#1010,.T.);
#293=ORIENTED_EDGE('',*,*,#1011,.T.);
#294=ORIENTED_EDGE('',*,*,#1001,.F.);
#295=ORIENTED_EDGE('',*,*,#990,.F.);
#296=ORIENTED_EDGE('',*,*,#1012,.F.);
#297=ORIENTED_EDGE('',*,*,#1013,.F.);
#298=ORIENTED_EDGE('',*,*,#1014,.F.);
#299=ORIENTED_EDGE('',*,*,#986,.F.);
#300=ORIENTED_EDGE('',*,*,#1015,.F.);
#301=ORIENTED_EDGE('',*,*,#1016,.F.);
#302=ORIENTED_EDGE('',*,*,#1017,.F.);
#303=ORIENTED_EDGE('',*,*,#1018,.F.);
#304=ORIENTED_EDGE('',*,*,#1019,.F.);
#305=ORIENTED_EDGE('',*,*,#1020,.F.);
#306=ORIENTED_EDGE('',*,*,#998,.F.);
#307=ORIENTED_EDGE('',*,*,#970,.F.);
#308=ORIENTED_EDGE('',*,*,#963,.T.);
#309=ORIENTED_EDGE('',*,*,#966,.T.);
#310=ORIENTED_EDGE('',*,*,#1021,.F.);
#311=ORIENTED_EDGE('',*,*,#1022,.F.);
#312=ORIENTED_EDGE('',*,*,#1023,.T.);
#313=ORIENTED_EDGE('',*,*,#1007,.T.);
#314=ORIENTED_EDGE('',*,*,#1024,.T.);
#315=ORIENTED_EDGE('',*,*,#1025,.F.);
#316=ORIENTED_EDGE('',*,*,#1026,.F.);
#317=ORIENTED_EDGE('',*,*,#1027,.T.);
#318=ORIENTED_EDGE('',*,*,#1028,.T.);
#319=ORIENTED_EDGE('',*,*,#1003,.T.);
#320=ORIENTED_EDGE('',*,*,#972,.T.);
#321=ORIENTED_EDGE('',*,*,#1029,.T.);
#322=ORIENTED_EDGE('',*,*,#994,.T.);
#323=ORIENTED_EDGE('',*,*,#1030,.T.);
#324=ORIENTED_EDGE('',*,*,#1031,.T.);
#325=ORIENTED_EDGE('',*,*,#1032,.T.);
#326=ORIENTED_EDGE('',*,*,#1033,.F.);
#327=ORIENTED_EDGE('',*,*,#1034,.T.);
#328=ORIENTED_EDGE('',*,*,#1035,.T.);
#329=ORIENTED_EDGE('',*,*,#1036,.T.);
#330=ORIENTED_EDGE('',*,*,#1037,.T.);
#331=ORIENTED_EDGE('',*,*,#1031,.F.);
#332=ORIENTED_EDGE('',*,*,#1038,.T.);
#333=ORIENTED_EDGE('',*,*,#1039,.T.);
#334=ORIENTED_EDGE('',*,*,#999,.T.);
#335=ORIENTED_EDGE('',*,*,#1020,.T.);
#336=ORIENTED_EDGE('',*,*,#1040,.F.);
#337=ORIENTED_EDGE('',*,*,#1041,.T.);
#338=ORIENTED_EDGE('',*,*,#1042,.T.);
#339=ORIENTED_EDGE('',*,*,#1016,.T.);
#340=ORIENTED_EDGE('',*,*,#985,.F.);
#341=ORIENTED_EDGE('',*,*,#1043,.T.);
#342=ORIENTED_EDGE('',*,*,#1033,.T.);
#343=ORIENTED_EDGE('',*,*,#1015,.T.);
#344=ORIENTED_EDGE('',*,*,#1039,.F.);
#345=ORIENTED_EDGE('',*,*,#1044,.T.);
#346=ORIENTED_EDGE('',*,*,#992,.T.);
#347=ORIENTED_EDGE('',*,*,#1000,.T.);
#348=ORIENTED_EDGE('',*,*,#1035,.F.);
#349=ORIENTED_EDGE('',*,*,#1045,.T.);
#350=ORIENTED_EDGE('',*,*,#983,.T.);
#351=ORIENTED_EDGE('',*,*,#1046,.T.);
#352=ORIENTED_EDGE('',*,*,#996,.T.);
#353=ORIENTED_EDGE('',*,*,#1047,.T.);
#354=ORIENTED_EDGE('',*,*,#1036,.F.);
#355=ORIENTED_EDGE('',*,*,#1046,.F.);
#356=ORIENTED_EDGE('',*,*,#1025,.T.);
#357=ORIENTED_EDGE('',*,*,#1048,.T.);
#358=ORIENTED_EDGE('',*,*,#1049,.T.);
#359=ORIENTED_EDGE('',*,*,#1050,.F.);
#360=ORIENTED_EDGE('',*,*,#1051,.F.);
#361=ORIENTED_EDGE('',*,*,#1052,.F.);
#362=ORIENTED_EDGE('',*,*,#1050,.T.);
#363=ORIENTED_EDGE('',*,*,#1053,.T.);
#364=ORIENTED_EDGE('',*,*,#1054,.F.);
#365=ORIENTED_EDGE('',*,*,#1055,.F.);
#366=ORIENTED_EDGE('',*,*,#1056,.T.);
#367=ORIENTED_EDGE('',*,*,#1057,.T.);
#368=ORIENTED_EDGE('',*,*,#1027,.F.);
#369=ORIENTED_EDGE('',*,*,#1058,.F.);
#370=ORIENTED_EDGE('',*,*,#1054,.T.);
#371=ORIENTED_EDGE('',*,*,#1026,.T.);
#372=ORIENTED_EDGE('',*,*,#1051,.T.);
#373=ORIENTED_EDGE('',*,*,#1055,.T.);
#374=ORIENTED_EDGE('',*,*,#1058,.T.);
#375=ORIENTED_EDGE('',*,*,#1022,.T.);
#376=ORIENTED_EDGE('',*,*,#1059,.F.);
#377=ORIENTED_EDGE('',*,*,#1010,.F.);
#378=ORIENTED_EDGE('',*,*,#1060,.F.);
#379=ORIENTED_EDGE('',*,*,#1002,.F.);
#380=ORIENTED_EDGE('',*,*,#1011,.F.);
#381=ORIENTED_EDGE('',*,*,#1059,.T.);
#382=ORIENTED_EDGE('',*,*,#1021,.T.);
#383=ORIENTED_EDGE('',*,*,#1008,.F.);
#384=ORIENTED_EDGE('',*,*,#1023,.F.);
#385=ORIENTED_EDGE('',*,*,#1060,.T.);
#386=ORIENTED_EDGE('',*,*,#1009,.T.);
#387=ORIENTED_EDGE('',*,*,#1061,.T.);
#388=ORIENTED_EDGE('',*,*,#1029,.F.);
#389=ORIENTED_EDGE('',*,*,#1062,.T.);
#390=ORIENTED_EDGE('',*,*,#1061,.F.);
#391=ORIENTED_EDGE('',*,*,#1062,.F.);
#392=ORIENTED_EDGE('',*,*,#1052,.T.);
#393=ORIENTED_EDGE('',*,*,#1013,.T.);
#394=ORIENTED_EDGE('',*,*,#1063,.F.);
#395=ORIENTED_EDGE('',*,*,#1064,.F.);
#396=ORIENTED_EDGE('',*,*,#1065,.T.);
#397=ORIENTED_EDGE('',*,*,#1012,.T.);
#398=ORIENTED_EDGE('',*,*,#989,.F.);
#399=ORIENTED_EDGE('',*,*,#1066,.F.);
#400=ORIENTED_EDGE('',*,*,#1063,.T.);
#401=ORIENTED_EDGE('',*,*,#1014,.T.);
#402=ORIENTED_EDGE('',*,*,#1065,.F.);
#403=ORIENTED_EDGE('',*,*,#1067,.F.);
#404=ORIENTED_EDGE('',*,*,#987,.T.);
#405=ORIENTED_EDGE('',*,*,#1064,.T.);
#406=ORIENTED_EDGE('',*,*,#1066,.T.);
#407=ORIENTED_EDGE('',*,*,#988,.T.);
#408=ORIENTED_EDGE('',*,*,#1067,.T.);
#409=ORIENTED_EDGE('',*,*,#1019,.T.);
#410=ORIENTED_EDGE('',*,*,#1068,.F.);
#411=ORIENTED_EDGE('',*,*,#1069,.F.);
#412=ORIENTED_EDGE('',*,*,#1040,.T.);
#413=ORIENTED_EDGE('',*,*,#1018,.T.);
#414=ORIENTED_EDGE('',*,*,#1070,.F.);
#415=ORIENTED_EDGE('',*,*,#1071,.F.);
#416=ORIENTED_EDGE('',*,*,#1068,.T.);
#417=ORIENTED_EDGE('',*,*,#1017,.T.);
#418=ORIENTED_EDGE('',*,*,#1042,.F.);
#419=ORIENTED_EDGE('',*,*,#1072,.F.);
#420=ORIENTED_EDGE('',*,*,#1070,.T.);
#421=ORIENTED_EDGE('',*,*,#1069,.T.);
#422=ORIENTED_EDGE('',*,*,#1071,.T.);
#423=ORIENTED_EDGE('',*,*,#1072,.T.);
#424=ORIENTED_EDGE('',*,*,#1041,.F.);
#425=ORIENTED_EDGE('',*,*,#995,.F.);
#426=ORIENTED_EDGE('',*,*,#1032,.F.);
#427=ORIENTED_EDGE('',*,*,#1037,.F.);
#428=ORIENTED_EDGE('',*,*,#1047,.F.);
#429=ORIENTED_EDGE('',*,*,#993,.F.);
#430=ORIENTED_EDGE('',*,*,#1044,.F.);
#431=ORIENTED_EDGE('',*,*,#1038,.F.);
#432=ORIENTED_EDGE('',*,*,#1030,.F.);
#433=ORIENTED_EDGE('',*,*,#984,.F.);
#434=ORIENTED_EDGE('',*,*,#1045,.F.);
#435=ORIENTED_EDGE('',*,*,#1034,.F.);
#436=ORIENTED_EDGE('',*,*,#1043,.F.);
#437=ORIENTED_EDGE('',*,*,#1049,.F.);
#438=ORIENTED_EDGE('',*,*,#1073,.T.);
#439=ORIENTED_EDGE('',*,*,#1005,.F.);
#440=ORIENTED_EDGE('',*,*,#1074,.T.);
#441=ORIENTED_EDGE('',*,*,#1056,.F.);
#442=ORIENTED_EDGE('',*,*,#1053,.F.);
#443=ORIENTED_EDGE('',*,*,#1024,.F.);
#444=ORIENTED_EDGE('',*,*,#1006,.F.);
#445=ORIENTED_EDGE('',*,*,#1073,.F.);
#446=ORIENTED_EDGE('',*,*,#1048,.F.);
#447=ORIENTED_EDGE('',*,*,#1074,.F.);
#448=ORIENTED_EDGE('',*,*,#1004,.F.);
#449=ORIENTED_EDGE('',*,*,#1028,.F.);
#450=ORIENTED_EDGE('',*,*,#1057,.F.);
#451=ORIENTED_EDGE('',*,*,#1075,.F.);
#452=ORIENTED_EDGE('',*,*,#1076,.T.);
#453=ORIENTED_EDGE('',*,*,#1077,.F.);
#454=ORIENTED_EDGE('',*,*,#1078,.T.);
#455=ORIENTED_EDGE('',*,*,#1079,.F.);
#456=ORIENTED_EDGE('',*,*,#1080,.F.);
#457=ORIENTED_EDGE('',*,*,#1081,.F.);
#458=ORIENTED_EDGE('',*,*,#1082,.F.);
#459=ORIENTED_EDGE('',*,*,#1083,.F.);
#460=ORIENTED_EDGE('',*,*,#1084,.T.);
#461=ORIENTED_EDGE('',*,*,#1085,.T.);
#462=ORIENTED_EDGE('',*,*,#1086,.F.);
#463=ORIENTED_EDGE('',*,*,#1087,.F.);
#464=ORIENTED_EDGE('',*,*,#1088,.F.);
#465=ORIENTED_EDGE('',*,*,#1089,.F.);
#466=ORIENTED_EDGE('',*,*,#1086,.T.);
#467=ORIENTED_EDGE('',*,*,#1090,.T.);
#468=ORIENTED_EDGE('',*,*,#1091,.F.);
#469=ORIENTED_EDGE('',*,*,#1092,.T.);
#470=ORIENTED_EDGE('',*,*,#1093,.F.);
#471=ORIENTED_EDGE('',*,*,#1088,.T.);
#472=ORIENTED_EDGE('',*,*,#1094,.T.);
#473=ORIENTED_EDGE('',*,*,#1095,.T.);
#474=ORIENTED_EDGE('',*,*,#1096,.F.);
#475=ORIENTED_EDGE('',*,*,#1097,.F.);
#476=ORIENTED_EDGE('',*,*,#1098,.F.);
#477=ORIENTED_EDGE('',*,*,#1099,.T.);
#478=ORIENTED_EDGE('',*,*,#1100,.F.);
#479=ORIENTED_EDGE('',*,*,#1101,.T.);
#480=ORIENTED_EDGE('',*,*,#1102,.F.);
#481=ORIENTED_EDGE('',*,*,#1103,.T.);
#482=ORIENTED_EDGE('',*,*,#1104,.F.);
#483=ORIENTED_EDGE('',*,*,#1105,.T.);
#484=ORIENTED_EDGE('',*,*,#1106,.F.);
#485=ORIENTED_EDGE('',*,*,#1095,.F.);
#486=ORIENTED_EDGE('',*,*,#1107,.F.);
#487=ORIENTED_EDGE('',*,*,#1108,.T.);
#488=ORIENTED_EDGE('',*,*,#1109,.T.);
#489=ORIENTED_EDGE('',*,*,#1110,.T.);
#490=ORIENTED_EDGE('',*,*,#1077,.T.);
#491=ORIENTED_EDGE('',*,*,#1111,.T.);
#492=ORIENTED_EDGE('',*,*,#1112,.F.);
#493=ORIENTED_EDGE('',*,*,#1113,.T.);
#494=ORIENTED_EDGE('',*,*,#1094,.F.);
#495=ORIENTED_EDGE('',*,*,#1090,.F.);
#496=ORIENTED_EDGE('',*,*,#1085,.F.);
#497=ORIENTED_EDGE('',*,*,#1112,.T.);
#498=ORIENTED_EDGE('',*,*,#1114,.T.);
#499=ORIENTED_EDGE('',*,*,#1115,.F.);
#500=ORIENTED_EDGE('',*,*,#1116,.T.);
#501=ORIENTED_EDGE('',*,*,#1087,.T.);
#502=ORIENTED_EDGE('',*,*,#1089,.T.);
#503=ORIENTED_EDGE('',*,*,#1093,.T.);
#504=ORIENTED_EDGE('',*,*,#1117,.T.);
#505=ORIENTED_EDGE('',*,*,#1115,.T.);
#506=ORIENTED_EDGE('',*,*,#1118,.T.);
#507=ORIENTED_EDGE('',*,*,#1075,.T.);
#508=ORIENTED_EDGE('',*,*,#1119,.T.);
#509=ORIENTED_EDGE('',*,*,#1120,.F.);
#510=ORIENTED_EDGE('',*,*,#1121,.T.);
#511=ORIENTED_EDGE('',*,*,#1122,.F.);
#512=ORIENTED_EDGE('',*,*,#1097,.T.);
#513=ORIENTED_EDGE('',*,*,#1123,.T.);
#514=ORIENTED_EDGE('',*,*,#1124,.T.);
#515=ORIENTED_EDGE('',*,*,#1125,.T.);
#516=ORIENTED_EDGE('',*,*,#1126,.T.);
#517=ORIENTED_EDGE('',*,*,#1127,.T.);
#518=ORIENTED_EDGE('',*,*,#1128,.T.);
#519=ORIENTED_EDGE('',*,*,#1129,.T.);
#520=ORIENTED_EDGE('',*,*,#1130,.F.);
#521=ORIENTED_EDGE('',*,*,#1120,.T.);
#522=ORIENTED_EDGE('',*,*,#1131,.T.);
#523=ORIENTED_EDGE('',*,*,#1109,.F.);
#524=ORIENTED_EDGE('',*,*,#1132,.T.);
#525=ORIENTED_EDGE('',*,*,#1133,.T.);
#526=ORIENTED_EDGE('',*,*,#1134,.T.);
#527=ORIENTED_EDGE('',*,*,#1107,.T.);
#528=ORIENTED_EDGE('',*,*,#1098,.T.);
#529=ORIENTED_EDGE('',*,*,#1122,.T.);
#530=ORIENTED_EDGE('',*,*,#1135,.F.);
#531=ORIENTED_EDGE('',*,*,#1136,.T.);
#532=ORIENTED_EDGE('',*,*,#1123,.F.);
#533=ORIENTED_EDGE('',*,*,#1096,.T.);
#534=ORIENTED_EDGE('',*,*,#1106,.T.);
#535=ORIENTED_EDGE('',*,*,#1104,.T.);
#536=ORIENTED_EDGE('',*,*,#1137,.T.);
#537=ORIENTED_EDGE('',*,*,#1125,.F.);
#538=ORIENTED_EDGE('',*,*,#1138,.T.);
#539=ORIENTED_EDGE('',*,*,#1102,.T.);
#540=ORIENTED_EDGE('',*,*,#1139,.T.);
#541=ORIENTED_EDGE('',*,*,#1127,.F.);
#542=ORIENTED_EDGE('',*,*,#1140,.T.);
#543=ORIENTED_EDGE('',*,*,#1100,.T.);
#544=ORIENTED_EDGE('',*,*,#1141,.T.);
#545=ORIENTED_EDGE('',*,*,#1129,.F.);
#546=ORIENTED_EDGE('',*,*,#1142,.T.);
#547=ORIENTED_EDGE('',*,*,#1124,.F.);
#548=ORIENTED_EDGE('',*,*,#1136,.F.);
#549=ORIENTED_EDGE('',*,*,#1105,.F.);
#550=ORIENTED_EDGE('',*,*,#1138,.F.);
#551=ORIENTED_EDGE('',*,*,#1126,.F.);
#552=ORIENTED_EDGE('',*,*,#1137,.F.);
#553=ORIENTED_EDGE('',*,*,#1103,.F.);
#554=ORIENTED_EDGE('',*,*,#1140,.F.);
#555=ORIENTED_EDGE('',*,*,#1128,.F.);
#556=ORIENTED_EDGE('',*,*,#1139,.F.);
#557=ORIENTED_EDGE('',*,*,#1101,.F.);
#558=ORIENTED_EDGE('',*,*,#1142,.F.);
#559=ORIENTED_EDGE('',*,*,#1084,.F.);
#560=ORIENTED_EDGE('',*,*,#1130,.T.);
#561=ORIENTED_EDGE('',*,*,#1141,.F.);
#562=ORIENTED_EDGE('',*,*,#1099,.F.);
#563=ORIENTED_EDGE('',*,*,#1116,.F.);
#564=ORIENTED_EDGE('',*,*,#1117,.F.);
#565=ORIENTED_EDGE('',*,*,#1092,.F.);
#566=ORIENTED_EDGE('',*,*,#1113,.F.);
#567=ORIENTED_EDGE('',*,*,#1121,.F.);
#568=ORIENTED_EDGE('',*,*,#1132,.F.);
#569=ORIENTED_EDGE('',*,*,#1108,.F.);
#570=ORIENTED_EDGE('',*,*,#1134,.F.);
#571=ORIENTED_EDGE('',*,*,#1119,.F.);
#572=ORIENTED_EDGE('',*,*,#1078,.F.);
#573=ORIENTED_EDGE('',*,*,#1110,.F.);
#574=ORIENTED_EDGE('',*,*,#1131,.F.);
#575=ORIENTED_EDGE('',*,*,#1111,.F.);
#576=ORIENTED_EDGE('',*,*,#1076,.F.);
#577=ORIENTED_EDGE('',*,*,#1118,.F.);
#578=ORIENTED_EDGE('',*,*,#1114,.F.);
#579=ORIENTED_EDGE('',*,*,#1091,.T.);
#580=ORIENTED_EDGE('',*,*,#1083,.T.);
#581=ORIENTED_EDGE('',*,*,#1133,.F.);
#582=ORIENTED_EDGE('',*,*,#1135,.T.);
#583=ORIENTED_EDGE('',*,*,#1143,.F.);
#584=ORIENTED_EDGE('',*,*,#1144,.T.);
#585=ORIENTED_EDGE('',*,*,#1145,.T.);
#586=ORIENTED_EDGE('',*,*,#1079,.T.);
#587=ORIENTED_EDGE('',*,*,#1146,.T.);
#588=ORIENTED_EDGE('',*,*,#1143,.T.);
#589=ORIENTED_EDGE('',*,*,#1082,.T.);
#590=ORIENTED_EDGE('',*,*,#1147,.F.);
#591=ORIENTED_EDGE('',*,*,#1148,.F.);
#592=ORIENTED_EDGE('',*,*,#1149,.T.);
#593=ORIENTED_EDGE('',*,*,#1147,.T.);
#594=ORIENTED_EDGE('',*,*,#1081,.T.);
#595=ORIENTED_EDGE('',*,*,#1145,.F.);
#596=ORIENTED_EDGE('',*,*,#1150,.T.);
#597=ORIENTED_EDGE('',*,*,#1148,.T.);
#598=ORIENTED_EDGE('',*,*,#1080,.T.);
#599=ORIENTED_EDGE('',*,*,#1146,.F.);
#600=ORIENTED_EDGE('',*,*,#1149,.F.);
#601=ORIENTED_EDGE('',*,*,#1150,.F.);
#602=ORIENTED_EDGE('',*,*,#1144,.F.);
#603=ORIENTED_EDGE('',*,*,#1151,.T.);
#604=ORIENTED_EDGE('',*,*,#1152,.T.);
#605=ORIENTED_EDGE('',*,*,#1153,.F.);
#606=ORIENTED_EDGE('',*,*,#1154,.F.);
#607=ORIENTED_EDGE('',*,*,#1155,.F.);
#608=ORIENTED_EDGE('',*,*,#1156,.T.);
#609=ORIENTED_EDGE('',*,*,#1157,.T.);
#610=ORIENTED_EDGE('',*,*,#1154,.T.);
#611=ORIENTED_EDGE('',*,*,#1158,.F.);
#612=ORIENTED_EDGE('',*,*,#1159,.F.);
#613=ORIENTED_EDGE('',*,*,#1155,.T.);
#614=ORIENTED_EDGE('',*,*,#1153,.T.);
#615=ORIENTED_EDGE('',*,*,#1160,.F.);
#616=ORIENTED_EDGE('',*,*,#1161,.T.);
#617=ORIENTED_EDGE('',*,*,#1158,.T.);
#618=ORIENTED_EDGE('',*,*,#1152,.F.);
#619=ORIENTED_EDGE('',*,*,#1162,.T.);
#620=ORIENTED_EDGE('',*,*,#1160,.T.);
#621=ORIENTED_EDGE('',*,*,#1151,.F.);
#622=ORIENTED_EDGE('',*,*,#1157,.F.);
#623=ORIENTED_EDGE('',*,*,#1156,.F.);
#624=ORIENTED_EDGE('',*,*,#1163,.F.);
#625=ORIENTED_EDGE('',*,*,#1164,.T.);
#626=ORIENTED_EDGE('',*,*,#1165,.T.);
#627=ORIENTED_EDGE('',*,*,#1163,.T.);
#628=ORIENTED_EDGE('',*,*,#1159,.T.);
#629=ORIENTED_EDGE('',*,*,#1166,.F.);
#630=ORIENTED_EDGE('',*,*,#1167,.T.);
#631=ORIENTED_EDGE('',*,*,#1168,.T.);
#632=ORIENTED_EDGE('',*,*,#1166,.T.);
#633=ORIENTED_EDGE('',*,*,#1161,.F.);
#634=ORIENTED_EDGE('',*,*,#1169,.F.);
#635=ORIENTED_EDGE('',*,*,#1165,.F.);
#636=ORIENTED_EDGE('',*,*,#1170,.F.);
#637=ORIENTED_EDGE('',*,*,#1169,.T.);
#638=ORIENTED_EDGE('',*,*,#1162,.F.);
#639=ORIENTED_EDGE('',*,*,#1171,.T.);
#640=ORIENTED_EDGE('',*,*,#1172,.F.);
#641=ORIENTED_EDGE('',*,*,#1170,.T.);
#642=ORIENTED_EDGE('',*,*,#1173,.T.);
#643=ORIENTED_EDGE('',*,*,#1172,.T.);
#644=ORIENTED_EDGE('',*,*,#1174,.T.);
#645=ORIENTED_EDGE('',*,*,#1175,.F.);
#646=ORIENTED_EDGE('',*,*,#1168,.F.);
#647=ORIENTED_EDGE('',*,*,#1175,.T.);
#648=ORIENTED_EDGE('',*,*,#1176,.F.);
#649=ORIENTED_EDGE('',*,*,#1177,.F.);
#650=ORIENTED_EDGE('',*,*,#1167,.F.);
#651=ORIENTED_EDGE('',*,*,#1178,.F.);
#652=ORIENTED_EDGE('',*,*,#1173,.F.);
#653=ORIENTED_EDGE('',*,*,#1164,.F.);
#654=ORIENTED_EDGE('',*,*,#1177,.T.);
#655=ORIENTED_EDGE('',*,*,#1179,.F.);
#656=ORIENTED_EDGE('',*,*,#1180,.F.);
#657=ORIENTED_EDGE('',*,*,#1181,.T.);
#658=ORIENTED_EDGE('',*,*,#1171,.F.);
#659=ORIENTED_EDGE('',*,*,#1178,.T.);
#660=ORIENTED_EDGE('',*,*,#1182,.F.);
#661=ORIENTED_EDGE('',*,*,#1183,.T.);
#662=ORIENTED_EDGE('',*,*,#1179,.T.);
#663=ORIENTED_EDGE('',*,*,#1182,.T.);
#664=ORIENTED_EDGE('',*,*,#1176,.T.);
#665=ORIENTED_EDGE('',*,*,#1184,.F.);
#666=ORIENTED_EDGE('',*,*,#1185,.T.);
#667=ORIENTED_EDGE('',*,*,#1186,.F.);
#668=ORIENTED_EDGE('',*,*,#1184,.T.);
#669=ORIENTED_EDGE('',*,*,#1174,.F.);
#670=ORIENTED_EDGE('',*,*,#1181,.F.);
#671=ORIENTED_EDGE('',*,*,#1187,.F.);
#672=ORIENTED_EDGE('',*,*,#1188,.F.);
#673=ORIENTED_EDGE('',*,*,#1189,.T.);
#674=ORIENTED_EDGE('',*,*,#1190,.T.);
#675=ORIENTED_EDGE('',*,*,#1191,.F.);
#676=ORIENTED_EDGE('',*,*,#1192,.F.);
#677=ORIENTED_EDGE('',*,*,#1193,.F.);
#678=ORIENTED_EDGE('',*,*,#1194,.T.);
#679=ORIENTED_EDGE('',*,*,#1195,.T.);
#680=ORIENTED_EDGE('',*,*,#1189,.F.);
#681=ORIENTED_EDGE('',*,*,#1196,.T.);
#682=ORIENTED_EDGE('',*,*,#1197,.F.);
#683=ORIENTED_EDGE('',*,*,#1194,.F.);
#684=ORIENTED_EDGE('',*,*,#1198,.T.);
#685=ORIENTED_EDGE('',*,*,#1191,.T.);
#686=ORIENTED_EDGE('',*,*,#1199,.F.);
#687=ORIENTED_EDGE('',*,*,#1200,.F.);
#688=ORIENTED_EDGE('',*,*,#1201,.T.);
#689=ORIENTED_EDGE('',*,*,#1202,.T.);
#690=ORIENTED_EDGE('',*,*,#1203,.F.);
#691=ORIENTED_EDGE('',*,*,#1196,.F.);
#692=ORIENTED_EDGE('',*,*,#1204,.T.);
#693=ORIENTED_EDGE('',*,*,#1188,.T.);
#694=ORIENTED_EDGE('',*,*,#1197,.T.);
#695=ORIENTED_EDGE('',*,*,#1203,.T.);
#696=ORIENTED_EDGE('',*,*,#1205,.F.);
#697=ORIENTED_EDGE('',*,*,#1206,.F.);
#698=ORIENTED_EDGE('',*,*,#1207,.F.);
#699=ORIENTED_EDGE('',*,*,#1199,.T.);
#700=ORIENTED_EDGE('',*,*,#1190,.F.);
#701=ORIENTED_EDGE('',*,*,#1195,.F.);
#702=ORIENTED_EDGE('',*,*,#1198,.F.);
#703=ORIENTED_EDGE('',*,*,#1193,.T.);
#704=ORIENTED_EDGE('',*,*,#1192,.T.);
#705=ORIENTED_EDGE('',*,*,#1201,.F.);
#706=ORIENTED_EDGE('',*,*,#1208,.T.);
#707=ORIENTED_EDGE('',*,*,#1209,.T.);
#708=ORIENTED_EDGE('',*,*,#1210,.T.);
#709=ORIENTED_EDGE('',*,*,#1204,.F.);
#710=ORIENTED_EDGE('',*,*,#1187,.T.);
#711=ORIENTED_EDGE('',*,*,#1208,.F.);
#712=ORIENTED_EDGE('',*,*,#1200,.T.);
#713=ORIENTED_EDGE('',*,*,#1207,.T.);
#714=ORIENTED_EDGE('',*,*,#1211,.T.);
#715=ORIENTED_EDGE('',*,*,#1202,.F.);
#716=ORIENTED_EDGE('',*,*,#1210,.F.);
#717=ORIENTED_EDGE('',*,*,#1212,.F.);
#718=ORIENTED_EDGE('',*,*,#1205,.T.);
#719=ORIENTED_EDGE('',*,*,#1211,.F.);
#720=ORIENTED_EDGE('',*,*,#1213,.T.);
#721=ORIENTED_EDGE('',*,*,#1214,.T.);
#722=ORIENTED_EDGE('',*,*,#1215,.F.);
#723=ORIENTED_EDGE('',*,*,#1216,.F.);
#724=ORIENTED_EDGE('',*,*,#1217,.F.);
#725=ORIENTED_EDGE('',*,*,#1212,.T.);
#726=ORIENTED_EDGE('',*,*,#1218,.T.);
#727=ORIENTED_EDGE('',*,*,#1218,.F.);
#728=ORIENTED_EDGE('',*,*,#1209,.F.);
#729=ORIENTED_EDGE('',*,*,#1215,.T.);
#730=ORIENTED_EDGE('',*,*,#1219,.F.);
#731=ORIENTED_EDGE('',*,*,#1217,.T.);
#732=ORIENTED_EDGE('',*,*,#1220,.T.);
#733=ORIENTED_EDGE('',*,*,#1213,.F.);
#734=ORIENTED_EDGE('',*,*,#1206,.T.);
#735=ORIENTED_EDGE('',*,*,#1183,.F.);
#736=ORIENTED_EDGE('',*,*,#1221,.F.);
#737=ORIENTED_EDGE('',*,*,#1216,.T.);
#738=ORIENTED_EDGE('',*,*,#1222,.T.);
#739=ORIENTED_EDGE('',*,*,#1223,.F.);
#740=ORIENTED_EDGE('',*,*,#1214,.F.);
#741=ORIENTED_EDGE('',*,*,#1224,.T.);
#742=ORIENTED_EDGE('',*,*,#1186,.T.);
#743=ORIENTED_EDGE('',*,*,#1219,.T.);
#744=ORIENTED_EDGE('',*,*,#1223,.T.);
#745=ORIENTED_EDGE('',*,*,#1180,.T.);
#746=ORIENTED_EDGE('',*,*,#1222,.F.);
#747=ORIENTED_EDGE('',*,*,#1224,.F.);
#748=ORIENTED_EDGE('',*,*,#1220,.F.);
#749=ORIENTED_EDGE('',*,*,#1221,.T.);
#750=ORIENTED_EDGE('',*,*,#1185,.F.);
#751=ORIENTED_EDGE('',*,*,#1225,.F.);
#752=ORIENTED_EDGE('',*,*,#1226,.T.);
#753=ORIENTED_EDGE('',*,*,#1227,.T.);
#754=ORIENTED_EDGE('',*,*,#1228,.T.);
#755=ORIENTED_EDGE('',*,*,#1229,.T.);
#756=ORIENTED_EDGE('',*,*,#1230,.T.);
#757=ORIENTED_EDGE('',*,*,#1231,.F.);
#758=ORIENTED_EDGE('',*,*,#1232,.T.);
#759=ORIENTED_EDGE('',*,*,#1233,.T.);
#760=ORIENTED_EDGE('',*,*,#1234,.T.);
#761=ORIENTED_EDGE('',*,*,#1226,.F.);
#762=ORIENTED_EDGE('',*,*,#1233,.F.);
#763=ORIENTED_EDGE('',*,*,#1235,.T.);
#764=ORIENTED_EDGE('',*,*,#1236,.F.);
#765=ORIENTED_EDGE('',*,*,#1237,.T.);
#766=ORIENTED_EDGE('',*,*,#1238,.T.);
#767=ORIENTED_EDGE('',*,*,#1239,.T.);
#768=ORIENTED_EDGE('',*,*,#1240,.F.);
#769=ORIENTED_EDGE('',*,*,#1241,.T.);
#770=ORIENTED_EDGE('',*,*,#1242,.F.);
#771=ORIENTED_EDGE('',*,*,#1243,.T.);
#772=ORIENTED_EDGE('',*,*,#1244,.F.);
#773=ORIENTED_EDGE('',*,*,#1245,.T.);
#774=ORIENTED_EDGE('',*,*,#1246,.T.);
#775=ORIENTED_EDGE('',*,*,#1247,.T.);
#776=ORIENTED_EDGE('',*,*,#1248,.T.);
#777=ORIENTED_EDGE('',*,*,#1249,.T.);
#778=ORIENTED_EDGE('',*,*,#1250,.T.);
#779=ORIENTED_EDGE('',*,*,#1251,.T.);
#780=ORIENTED_EDGE('',*,*,#1252,.T.);
#781=ORIENTED_EDGE('',*,*,#1253,.T.);
#782=ORIENTED_EDGE('',*,*,#1254,.T.);
#783=ORIENTED_EDGE('',*,*,#1255,.T.);
#784=ORIENTED_EDGE('',*,*,#1256,.T.);
#785=ORIENTED_EDGE('',*,*,#1257,.T.);
#786=ORIENTED_EDGE('',*,*,#1258,.T.);
#787=ORIENTED_EDGE('',*,*,#1259,.T.);
#788=ORIENTED_EDGE('',*,*,#1260,.T.);
#789=ORIENTED_EDGE('',*,*,#1261,.T.);
#790=ORIENTED_EDGE('',*,*,#1262,.T.);
#791=ORIENTED_EDGE('',*,*,#1263,.T.);
#792=ORIENTED_EDGE('',*,*,#1264,.T.);
#793=ORIENTED_EDGE('',*,*,#1265,.T.);
#794=ORIENTED_EDGE('',*,*,#1266,.T.);
#795=ORIENTED_EDGE('',*,*,#1267,.T.);
#796=ORIENTED_EDGE('',*,*,#1268,.F.);
#797=ORIENTED_EDGE('',*,*,#1240,.T.);
#798=ORIENTED_EDGE('',*,*,#1269,.T.);
#799=ORIENTED_EDGE('',*,*,#1262,.F.);
#800=ORIENTED_EDGE('',*,*,#1270,.T.);
#801=ORIENTED_EDGE('',*,*,#1252,.F.);
#802=ORIENTED_EDGE('',*,*,#1271,.T.);
#803=ORIENTED_EDGE('',*,*,#1272,.T.);
#804=ORIENTED_EDGE('',*,*,#1273,.T.);
#805=ORIENTED_EDGE('',*,*,#1266,.F.);
#806=ORIENTED_EDGE('',*,*,#1274,.T.);
#807=ORIENTED_EDGE('',*,*,#1275,.F.);
#808=ORIENTED_EDGE('',*,*,#1276,.T.);
#809=ORIENTED_EDGE('',*,*,#1277,.T.);
#810=ORIENTED_EDGE('',*,*,#1278,.T.);
#811=ORIENTED_EDGE('',*,*,#1272,.F.);
#812=ORIENTED_EDGE('',*,*,#1279,.T.);
#813=ORIENTED_EDGE('',*,*,#1280,.F.);
#814=ORIENTED_EDGE('',*,*,#1281,.T.);
#815=ORIENTED_EDGE('',*,*,#1282,.F.);
#816=ORIENTED_EDGE('',*,*,#1283,.T.);
#817=ORIENTED_EDGE('',*,*,#1284,.T.);
#818=ORIENTED_EDGE('',*,*,#1285,.T.);
#819=ORIENTED_EDGE('',*,*,#1286,.F.);
#820=ORIENTED_EDGE('',*,*,#1287,.F.);
#821=ORIENTED_EDGE('',*,*,#1288,.T.);
#822=ORIENTED_EDGE('',*,*,#1264,.F.);
#823=ORIENTED_EDGE('',*,*,#1289,.T.);
#824=ORIENTED_EDGE('',*,*,#1290,.F.);
#825=ORIENTED_EDGE('',*,*,#1291,.T.);
#826=ORIENTED_EDGE('',*,*,#1231,.T.);
#827=ORIENTED_EDGE('',*,*,#1225,.T.);
#828=ORIENTED_EDGE('',*,*,#1286,.T.);
#829=ORIENTED_EDGE('',*,*,#1292,.T.);
#830=ORIENTED_EDGE('',*,*,#1293,.T.);
#831=ORIENTED_EDGE('',*,*,#1292,.F.);
#832=ORIENTED_EDGE('',*,*,#1275,.T.);
#833=ORIENTED_EDGE('',*,*,#1294,.T.);
#834=ORIENTED_EDGE('',*,*,#1287,.T.);
#835=ORIENTED_EDGE('',*,*,#1230,.F.);
#836=ORIENTED_EDGE('',*,*,#1295,.T.);
#837=ORIENTED_EDGE('',*,*,#1236,.T.);
#838=ORIENTED_EDGE('',*,*,#1296,.T.);
#839=ORIENTED_EDGE('',*,*,#1290,.T.);
#840=ORIENTED_EDGE('',*,*,#1297,.F.);
#841=ORIENTED_EDGE('',*,*,#1298,.T.);
#842=ORIENTED_EDGE('',*,*,#1289,.F.);
#843=ORIENTED_EDGE('',*,*,#1268,.T.);
#844=ORIENTED_EDGE('',*,*,#1299,.T.);
#845=ORIENTED_EDGE('',*,*,#1300,.T.);
#846=ORIENTED_EDGE('',*,*,#1301,.T.);
#847=ORIENTED_EDGE('',*,*,#1297,.T.);
#848=ORIENTED_EDGE('',*,*,#1260,.F.);
#849=ORIENTED_EDGE('',*,*,#1302,.T.);
#850=ORIENTED_EDGE('',*,*,#1242,.T.);
#851=ORIENTED_EDGE('',*,*,#1303,.T.);
#852=ORIENTED_EDGE('',*,*,#1258,.F.);
#853=ORIENTED_EDGE('',*,*,#1304,.T.);
#854=ORIENTED_EDGE('',*,*,#1244,.T.);
#855=ORIENTED_EDGE('',*,*,#1305,.T.);
#856=ORIENTED_EDGE('',*,*,#1282,.T.);
#857=ORIENTED_EDGE('',*,*,#1306,.T.);
#858=ORIENTED_EDGE('',*,*,#1248,.F.);
#859=ORIENTED_EDGE('',*,*,#1307,.T.);
#860=ORIENTED_EDGE('',*,*,#1250,.F.);
#861=ORIENTED_EDGE('',*,*,#1308,.T.);
#862=ORIENTED_EDGE('',*,*,#1280,.T.);
#863=ORIENTED_EDGE('',*,*,#1309,.T.);
#864=ORIENTED_EDGE('',*,*,#1310,.T.);
#865=ORIENTED_EDGE('',*,*,#1311,.T.);
#866=ORIENTED_EDGE('',*,*,#1254,.F.);
#867=ORIENTED_EDGE('',*,*,#1312,.T.);
#868=ORIENTED_EDGE('',*,*,#1277,.F.);
#869=ORIENTED_EDGE('',*,*,#1313,.T.);
#870=ORIENTED_EDGE('',*,*,#1228,.F.);
#871=ORIENTED_EDGE('',*,*,#1314,.T.);
#872=ORIENTED_EDGE('',*,*,#1246,.F.);
#873=ORIENTED_EDGE('',*,*,#1315,.T.);
#874=ORIENTED_EDGE('',*,*,#1256,.F.);
#875=ORIENTED_EDGE('',*,*,#1316,.T.);
#876=ORIENTED_EDGE('',*,*,#1238,.F.);
#877=ORIENTED_EDGE('',*,*,#1317,.T.);
#878=ORIENTED_EDGE('',*,*,#1300,.F.);
#879=ORIENTED_EDGE('',*,*,#1318,.T.);
#880=ORIENTED_EDGE('',*,*,#1284,.F.);
#881=ORIENTED_EDGE('',*,*,#1319,.T.);
#882=ORIENTED_EDGE('',*,*,#1261,.F.);
#883=ORIENTED_EDGE('',*,*,#1303,.F.);
#884=ORIENTED_EDGE('',*,*,#1241,.F.);
#885=ORIENTED_EDGE('',*,*,#1270,.F.);
#886=ORIENTED_EDGE('',*,*,#1259,.F.);
#887=ORIENTED_EDGE('',*,*,#1305,.F.);
#888=ORIENTED_EDGE('',*,*,#1243,.F.);
#889=ORIENTED_EDGE('',*,*,#1302,.F.);
#890=ORIENTED_EDGE('',*,*,#1310,.F.);
#891=ORIENTED_EDGE('',*,*,#1311,.F.);
#892=ORIENTED_EDGE('',*,*,#1263,.F.);
#893=ORIENTED_EDGE('',*,*,#1269,.F.);
#894=ORIENTED_EDGE('',*,*,#1239,.F.);
#895=ORIENTED_EDGE('',*,*,#1316,.F.);
#896=ORIENTED_EDGE('',*,*,#1301,.F.);
#897=ORIENTED_EDGE('',*,*,#1317,.F.);
#898=ORIENTED_EDGE('',*,*,#1237,.F.);
#899=ORIENTED_EDGE('',*,*,#1298,.F.);
#900=ORIENTED_EDGE('',*,*,#1299,.F.);
#901=ORIENTED_EDGE('',*,*,#1267,.F.);
#902=ORIENTED_EDGE('',*,*,#1285,.F.);
#903=ORIENTED_EDGE('',*,*,#1318,.F.);
#904=ORIENTED_EDGE('',*,*,#1255,.F.);
#905=ORIENTED_EDGE('',*,*,#1319,.F.);
#906=ORIENTED_EDGE('',*,*,#1283,.F.);
#907=ORIENTED_EDGE('',*,*,#1307,.F.);
#908=ORIENTED_EDGE('',*,*,#1257,.F.);
#909=ORIENTED_EDGE('',*,*,#1315,.F.);
#910=ORIENTED_EDGE('',*,*,#1245,.F.);
#911=ORIENTED_EDGE('',*,*,#1304,.F.);
#912=ORIENTED_EDGE('',*,*,#1227,.F.);
#913=ORIENTED_EDGE('',*,*,#1234,.F.);
#914=ORIENTED_EDGE('',*,*,#1247,.F.);
#915=ORIENTED_EDGE('',*,*,#1314,.F.);
#916=ORIENTED_EDGE('',*,*,#1229,.F.);
#917=ORIENTED_EDGE('',*,*,#1313,.F.);
#918=ORIENTED_EDGE('',*,*,#1276,.F.);
#919=ORIENTED_EDGE('',*,*,#1295,.F.);
#920=ORIENTED_EDGE('',*,*,#1253,.F.);
#921=ORIENTED_EDGE('',*,*,#1273,.F.);
#922=ORIENTED_EDGE('',*,*,#1278,.F.);
#923=ORIENTED_EDGE('',*,*,#1312,.F.);
#924=ORIENTED_EDGE('',*,*,#1251,.F.);
#925=ORIENTED_EDGE('',*,*,#1309,.F.);
#926=ORIENTED_EDGE('',*,*,#1279,.F.);
#927=ORIENTED_EDGE('',*,*,#1271,.F.);
#928=ORIENTED_EDGE('',*,*,#1249,.F.);
#929=ORIENTED_EDGE('',*,*,#1306,.F.);
#930=ORIENTED_EDGE('',*,*,#1281,.F.);
#931=ORIENTED_EDGE('',*,*,#1308,.F.);
#932=ORIENTED_EDGE('',*,*,#1320,.T.);
#933=ORIENTED_EDGE('',*,*,#1321,.F.);
#934=ORIENTED_EDGE('',*,*,#1321,.T.);
#935=ORIENTED_EDGE('',*,*,#1293,.F.);
#936=ORIENTED_EDGE('',*,*,#1322,.T.);
#937=ORIENTED_EDGE('',*,*,#1322,.F.);
#938=ORIENTED_EDGE('',*,*,#1320,.F.);
#939=ORIENTED_EDGE('',*,*,#1232,.F.);
#940=ORIENTED_EDGE('',*,*,#1291,.F.);
#941=ORIENTED_EDGE('',*,*,#1296,.F.);
#942=ORIENTED_EDGE('',*,*,#1235,.F.);
#943=ORIENTED_EDGE('',*,*,#1265,.F.);
#944=ORIENTED_EDGE('',*,*,#1288,.F.);
#945=ORIENTED_EDGE('',*,*,#1294,.F.);
#946=ORIENTED_EDGE('',*,*,#1274,.F.);
#947=EDGE_CURVE('',#1323,#1324,#1573,.F.);
#948=EDGE_CURVE('',#1325,#1323,#1574,.T.);
#949=EDGE_CURVE('',#1326,#1325,#1575,.T.);
#950=EDGE_CURVE('',#1324,#1326,#1576,.T.);
#951=EDGE_CURVE('',#1327,#1328,#1577,.T.);
#952=EDGE_CURVE('',#1329,#1327,#1578,.T.);
#953=EDGE_CURVE('',#1330,#1329,#1579,.F.);
#954=EDGE_CURVE('',#1328,#1330,#1580,.T.);
#955=EDGE_CURVE('',#1326,#1331,#1581,.F.);
#956=EDGE_CURVE('',#1327,#1325,#1582,.T.);
#957=EDGE_CURVE('',#1332,#1328,#1583,.F.);
#958=EDGE_CURVE('',#1331,#1332,#1584,.T.);
#959=EDGE_CURVE('',#1333,#1333,#58,.T.);
#960=EDGE_CURVE('',#1334,#1334,#59,.F.);
#961=EDGE_CURVE('',#1335,#1336,#1585,.T.);
#962=EDGE_CURVE('',#1337,#1336,#1586,.T.);
#963=EDGE_CURVE('',#1338,#1337,#1587,.T.);
#964=EDGE_CURVE('',#1335,#1338,#1588,.T.);
#965=EDGE_CURVE('',#1339,#1340,#1589,.T.);
#966=EDGE_CURVE('',#1337,#1339,#1590,.T.);
#967=EDGE_CURVE('',#1336,#1340,#1591,.T.);
#968=EDGE_CURVE('',#1341,#1342,#1592,.T.);
#969=EDGE_CURVE('',#1335,#1341,#1593,.T.);
#970=EDGE_CURVE('',#1338,#1342,#1594,.T.);
#971=EDGE_CURVE('',#1343,#1343,#60,.T.);
#972=EDGE_CURVE('',#1344,#1344,#61,.T.);
#973=EDGE_CURVE('',#1345,#1324,#1595,.T.);
#974=EDGE_CURVE('',#1346,#1331,#1596,.T.);
#975=EDGE_CURVE('',#1345,#1346,#1597,.T.);
#976=EDGE_CURVE('',#1347,#1332,#1598,.T.);
#977=EDGE_CURVE('',#1346,#1347,#1599,.T.);
#978=EDGE_CURVE('',#1348,#1330,#1600,.T.);
#979=EDGE_CURVE('',#1347,#1348,#1601,.T.);
#980=EDGE_CURVE('',#1348,#1345,#1602,.T.);
#981=EDGE_CURVE('',#1341,#1323,#1603,.T.);
#982=EDGE_CURVE('',#1329,#1340,#1604,.T.);
#983=EDGE_CURVE('',#1349,#1350,#1605,.T.);
#984=EDGE_CURVE('',#1349,#1351,#62,.F.);
#985=EDGE_CURVE('',#1351,#1352,#1606,.T.);
#986=EDGE_CURVE('',#1352,#1353,#1607,.T.);
#987=EDGE_CURVE('',#1354,#1353,#1608,.T.);
#988=EDGE_CURVE('',#1355,#1354,#1609,.T.);
#989=EDGE_CURVE('',#1355,#1356,#1610,.T.);
#990=EDGE_CURVE('',#1356,#1357,#1611,.T.);
#991=EDGE_CURVE('',#1358,#1357,#1612,.T.);
#992=EDGE_CURVE('',#1359,#1358,#1613,.T.);
#993=EDGE_CURVE('',#1359,#1360,#63,.F.);
#994=EDGE_CURVE('',#1361,#1360,#1614,.T.);
#995=EDGE_CURVE('',#1361,#1362,#64,.F.);
#996=EDGE_CURVE('',#1350,#1362,#1615,.T.);
#997=EDGE_CURVE('',#1363,#1339,#1616,.T.);
#998=EDGE_CURVE('',#1342,#1364,#1617,.T.);
#999=EDGE_CURVE('',#1365,#1364,#1618,.T.);
#1000=EDGE_CURVE('',#1358,#1365,#1619,.T.);
#1001=EDGE_CURVE('',#1357,#1366,#1620,.T.);
#1002=EDGE_CURVE('',#1366,#1367,#1621,.T.);
#1003=EDGE_CURVE('',#1368,#1367,#1622,.T.);
#1004=EDGE_CURVE('',#1368,#1369,#1623,.T.);
#1005=EDGE_CURVE('',#1369,#1370,#1624,.T.);
#1006=EDGE_CURVE('',#1370,#1371,#1625,.T.);
#1007=EDGE_CURVE('',#1372,#1371,#1626,.T.);
#1008=EDGE_CURVE('',#1372,#1363,#1627,.T.);
#1009=EDGE_CURVE('',#1373,#1363,#1628,.T.);
#1010=EDGE_CURVE('',#1373,#1374,#1629,.T.);
#1011=EDGE_CURVE('',#1374,#1366,#1630,.T.);
#1012=EDGE_CURVE('',#1375,#1356,#1631,.T.);
#1013=EDGE_CURVE('',#1376,#1375,#1632,.T.);
#1014=EDGE_CURVE('',#1353,#1376,#1633,.T.);
#1015=EDGE_CURVE('',#1377,#1352,#1634,.T.);
#1016=EDGE_CURVE('',#1378,#1377,#1635,.T.);
#1017=EDGE_CURVE('',#1379,#1378,#1636,.T.);
#1018=EDGE_CURVE('',#1380,#1379,#1637,.T.);
#1019=EDGE_CURVE('',#1381,#1380,#1638,.T.);
#1020=EDGE_CURVE('',#1364,#1381,#1639,.T.);
#1021=EDGE_CURVE('',#1382,#1367,#1640,.T.);
#1022=EDGE_CURVE('',#1383,#1382,#1641,.T.);
#1023=EDGE_CURVE('',#1383,#1372,#1642,.T.);
#1024=EDGE_CURVE('',#1371,#1384,#1643,.F.);
#1025=EDGE_CURVE('',#1385,#1384,#1644,.T.);
#1026=EDGE_CURVE('',#1386,#1385,#1645,.T.);
#1027=EDGE_CURVE('',#1386,#1387,#1646,.T.);
#1028=EDGE_CURVE('',#1387,#1368,#1647,.F.);
#1029=EDGE_CURVE('',#1388,#1388,#65,.T.);
#1030=EDGE_CURVE('',#1360,#1389,#1648,.T.);
#1031=EDGE_CURVE('',#1389,#1390,#1649,.T.);
#1032=EDGE_CURVE('',#1390,#1361,#1650,.F.);
#1033=EDGE_CURVE('',#1391,#1377,#1651,.T.);
#1034=EDGE_CURVE('',#1391,#1392,#66,.F.);
#1035=EDGE_CURVE('',#1392,#1393,#1652,.T.);
#1036=EDGE_CURVE('',#1393,#1394,#1653,.T.);
#1037=EDGE_CURVE('',#1394,#1390,#67,.F.);
#1038=EDGE_CURVE('',#1389,#1395,#68,.F.);
#1039=EDGE_CURVE('',#1395,#1365,#1654,.T.);
#1040=EDGE_CURVE('',#1396,#1381,#1655,.T.);
#1041=EDGE_CURVE('',#1396,#1397,#1656,.T.);
#1042=EDGE_CURVE('',#1397,#1378,#1657,.T.);
#1043=EDGE_CURVE('',#1351,#1391,#1658,.T.);
#1044=EDGE_CURVE('',#1395,#1359,#1659,.F.);
#1045=EDGE_CURVE('',#1392,#1349,#1660,.F.);
#1046=EDGE_CURVE('',#1350,#1393,#1661,.T.);
#1047=EDGE_CURVE('',#1362,#1394,#1662,.T.);
#1048=EDGE_CURVE('',#1384,#1398,#1663,.T.);
#1049=EDGE_CURVE('',#1398,#1399,#1664,.F.);
#1050=EDGE_CURVE('',#1400,#1399,#1665,.T.);
#1051=EDGE_CURVE('',#1385,#1400,#1666,.T.);
#1052=EDGE_CURVE('',#1401,#1401,#69,.F.);
#1053=EDGE_CURVE('',#1399,#1402,#1667,.T.);
#1054=EDGE_CURVE('',#1403,#1402,#1668,.T.);
#1055=EDGE_CURVE('',#1400,#1403,#1669,.T.);
#1056=EDGE_CURVE('',#1402,#1404,#1670,.F.);
#1057=EDGE_CURVE('',#1404,#1387,#1671,.T.);
#1058=EDGE_CURVE('',#1403,#1386,#1672,.T.);
#1059=EDGE_CURVE('',#1374,#1382,#1673,.T.);
#1060=EDGE_CURVE('',#1383,#1373,#1674,.T.);
#1061=EDGE_CURVE('',#1405,#1405,#70,.T.);
#1062=EDGE_CURVE('',#1406,#1406,#71,.T.);
#1063=EDGE_CURVE('',#1407,#1375,#1675,.T.);
#1064=EDGE_CURVE('',#1408,#1407,#1676,.T.);
#1065=EDGE_CURVE('',#1408,#1376,#1677,.T.);
#1066=EDGE_CURVE('',#1407,#1355,#1678,.T.);
#1067=EDGE_CURVE('',#1354,#1408,#1679,.T.);
#1068=EDGE_CURVE('',#1409,#1380,#1680,.T.);
#1069=EDGE_CURVE('',#1396,#1409,#1681,.T.);
#1070=EDGE_CURVE('',#1410,#1379,#1682,.T.);
#1071=EDGE_CURVE('',#1409,#1410,#1683,.T.);
#1072=EDGE_CURVE('',#1410,#1397,#1684,.T.);
#1073=EDGE_CURVE('',#1398,#1370,#1685,.T.);
#1074=EDGE_CURVE('',#1369,#1404,#1686,.T.);
#1075=EDGE_CURVE('',#1411,#1412,#1687,.T.);
#1076=EDGE_CURVE('',#1411,#1413,#1688,.F.);
#1077=EDGE_CURVE('',#1414,#1413,#1689,.T.);
#1078=EDGE_CURVE('',#1414,#1412,#1690,.F.);
#1079=EDGE_CURVE('',#1415,#1416,#1691,.T.);
#1080=EDGE_CURVE('',#1417,#1415,#1692,.T.);
#1081=EDGE_CURVE('',#1418,#1417,#1693,.T.);
#1082=EDGE_CURVE('',#1416,#1418,#1694,.T.);
#1083=EDGE_CURVE('',#1419,#1419,#72,.F.);
#1084=EDGE_CURVE('',#1420,#1421,#1695,.T.);
#1085=EDGE_CURVE('',#1421,#1422,#1696,.T.);
#1086=EDGE_CURVE('',#1423,#1422,#1697,.T.);
#1087=EDGE_CURVE('',#1420,#1423,#1698,.F.);
#1088=EDGE_CURVE('',#1424,#1425,#1699,.T.);
#1089=EDGE_CURVE('',#1423,#1424,#1700,.T.);
#1090=EDGE_CURVE('',#1422,#1425,#1701,.T.);
#1091=EDGE_CURVE('',#1426,#1426,#73,.F.);
#1092=EDGE_CURVE('',#1427,#1428,#1702,.F.);
#1093=EDGE_CURVE('',#1424,#1428,#1703,.T.);
#1094=EDGE_CURVE('',#1425,#1427,#1704,.T.);
#1095=EDGE_CURVE('',#1429,#1430,#1705,.T.);
#1096=EDGE_CURVE('',#1431,#1430,#1706,.F.);
#1097=EDGE_CURVE('',#1432,#1431,#1707,.F.);
#1098=EDGE_CURVE('',#1429,#1432,#1708,.T.);
#1099=EDGE_CURVE('',#1421,#1433,#74,.T.);
#1100=EDGE_CURVE('',#1434,#1433,#1709,.T.);
#1101=EDGE_CURVE('',#1434,#1435,#75,.T.);
#1102=EDGE_CURVE('',#1436,#1435,#1710,.T.);
#1103=EDGE_CURVE('',#1436,#1437,#76,.T.);
#1104=EDGE_CURVE('',#1438,#1437,#1711,.T.);
#1105=EDGE_CURVE('',#1438,#1439,#77,.T.);
#1106=EDGE_CURVE('',#1430,#1439,#1712,.T.);
#1107=EDGE_CURVE('',#1440,#1429,#1713,.T.);
#1108=EDGE_CURVE('',#1440,#1441,#78,.F.);
#1109=EDGE_CURVE('',#1441,#1442,#1714,.T.);
#1110=EDGE_CURVE('',#1442,#1414,#79,.F.);
#1111=EDGE_CURVE('',#1413,#1443,#80,.F.);
#1112=EDGE_CURVE('',#1444,#1443,#1715,.T.);
#1113=EDGE_CURVE('',#1444,#1427,#81,.F.);
#1114=EDGE_CURVE('',#1443,#1445,#1716,.T.);
#1115=EDGE_CURVE('',#1446,#1445,#1717,.T.);
#1116=EDGE_CURVE('',#1446,#1444,#1718,.T.);
#1117=EDGE_CURVE('',#1428,#1446,#82,.F.);
#1118=EDGE_CURVE('',#1445,#1411,#83,.F.);
#1119=EDGE_CURVE('',#1412,#1447,#84,.F.);
#1120=EDGE_CURVE('',#1448,#1447,#1719,.T.);
#1121=EDGE_CURVE('',#1448,#1449,#85,.F.);
#1122=EDGE_CURVE('',#1432,#1449,#1720,.T.);
#1123=EDGE_CURVE('',#1431,#1450,#1721,.T.);
#1124=EDGE_CURVE('',#1450,#1451,#86,.T.);
#1125=EDGE_CURVE('',#1451,#1452,#1722,.T.);
#1126=EDGE_CURVE('',#1452,#1453,#87,.T.);
#1127=EDGE_CURVE('',#1453,#1454,#1723,.T.);
#1128=EDGE_CURVE('',#1454,#1455,#88,.T.);
#1129=EDGE_CURVE('',#1455,#1456,#1724,.T.);
#1130=EDGE_CURVE('',#1420,#1456,#89,.F.);
#1131=EDGE_CURVE('',#1447,#1442,#1725,.T.);
#1132=EDGE_CURVE('',#1441,#1448,#1726,.F.);
#1133=EDGE_CURVE('',#1457,#1457,#90,.F.);
#1134=EDGE_CURVE('',#1449,#1440,#1727,.T.);
#1135=EDGE_CURVE('',#1458,#1458,#91,.F.);
#1136=EDGE_CURVE('',#1439,#1450,#1728,.F.);
#1137=EDGE_CURVE('',#1437,#1452,#1729,.F.);
#1138=EDGE_CURVE('',#1451,#1438,#1730,.T.);
#1139=EDGE_CURVE('',#1435,#1454,#1731,.F.);
#1140=EDGE_CURVE('',#1453,#1436,#1732,.T.);
#1141=EDGE_CURVE('',#1433,#1456,#1733,.F.);
#1142=EDGE_CURVE('',#1455,#1434,#1734,.T.);
#1143=EDGE_CURVE('',#1459,#1416,#1735,.T.);
#1144=EDGE_CURVE('',#1459,#1460,#1736,.F.);
#1145=EDGE_CURVE('',#1460,#1415,#1737,.T.);
#1146=EDGE_CURVE('',#1461,#1459,#92,.F.);
#1147=EDGE_CURVE('',#1461,#1418,#1738,.T.);
#1148=EDGE_CURVE('',#1462,#1417,#1739,.T.);
#1149=EDGE_CURVE('',#1462,#1461,#1740,.F.);
#1150=EDGE_CURVE('',#1460,#1462,#93,.F.);
#1151=EDGE_CURVE('',#1463,#1464,#1741,.T.);
#1152=EDGE_CURVE('',#1464,#1465,#1742,.T.);
#1153=EDGE_CURVE('',#1466,#1465,#1743,.T.);
#1154=EDGE_CURVE('',#1463,#1466,#1744,.T.);
#1155=EDGE_CURVE('',#1467,#1466,#1745,.T.);
#1156=EDGE_CURVE('',#1467,#1468,#1746,.T.);
#1157=EDGE_CURVE('',#1468,#1463,#1747,.F.);
#1158=EDGE_CURVE('',#1469,#1465,#1748,.T.);
#1159=EDGE_CURVE('',#1467,#1469,#1749,.T.);
#1160=EDGE_CURVE('',#1470,#1464,#1750,.F.);
#1161=EDGE_CURVE('',#1470,#1469,#1751,.T.);
#1162=EDGE_CURVE('',#1468,#1470,#1752,.T.);
#1163=EDGE_CURVE('',#1471,#1467,#94,.T.);
#1164=EDGE_CURVE('',#1471,#1472,#1753,.T.);
#1165=EDGE_CURVE('',#1472,#1468,#95,.T.);
#1166=EDGE_CURVE('',#1473,#1469,#96,.T.);
#1167=EDGE_CURVE('',#1473,#1471,#1754,.T.);
#1168=EDGE_CURVE('',#1474,#1473,#1755,.T.);
#1169=EDGE_CURVE('',#1474,#1470,#97,.T.);
#1170=EDGE_CURVE('',#1474,#1472,#1756,.T.);
#1171=EDGE_CURVE('',#1475,#1476,#1757,.T.);
#1172=EDGE_CURVE('',#1474,#1476,#1758,.T.);
#1173=EDGE_CURVE('',#1472,#1475,#1759,.T.);
#1174=EDGE_CURVE('',#1476,#1477,#1760,.T.);
#1175=EDGE_CURVE('',#1473,#1477,#1761,.F.);
#1176=EDGE_CURVE('',#1478,#1477,#1762,.T.);
#1177=EDGE_CURVE('',#1471,#1478,#1763,.F.);
#1178=EDGE_CURVE('',#1475,#1478,#1764,.F.);
#1179=EDGE_CURVE('',#1479,#1475,#98,.T.);
#1180=EDGE_CURVE('',#1480,#1479,#1765,.T.);
#1181=EDGE_CURVE('',#1480,#1476,#99,.T.);
#1182=EDGE_CURVE('',#1481,#1478,#100,.T.);
#1183=EDGE_CURVE('',#1481,#1479,#1766,.T.);
#1184=EDGE_CURVE('',#1482,#1477,#101,.T.);
#1185=EDGE_CURVE('',#1482,#1481,#1767,.T.);
#1186=EDGE_CURVE('',#1482,#1480,#1768,.F.);
#1187=EDGE_CURVE('',#1483,#1483,#102,.F.);
#1188=EDGE_CURVE('',#1484,#1484,#103,.T.);
#1189=EDGE_CURVE('',#1485,#1486,#1769,.T.);
#1190=EDGE_CURVE('',#1486,#1487,#1770,.T.);
#1191=EDGE_CURVE('',#1488,#1487,#1771,.T.);
#1192=EDGE_CURVE('',#1485,#1488,#1772,.F.);
#1193=EDGE_CURVE('',#1489,#1485,#1773,.T.);
#1194=EDGE_CURVE('',#1489,#1490,#1774,.T.);
#1195=EDGE_CURVE('',#1490,#1486,#1775,.T.);
#1196=EDGE_CURVE('',#1491,#1492,#1776,.T.);
#1197=EDGE_CURVE('',#1490,#1492,#1777,.T.);
#1198=EDGE_CURVE('',#1489,#1491,#1778,.F.);
#1199=EDGE_CURVE('',#1493,#1487,#1779,.T.);
#1200=EDGE_CURVE('',#1494,#1493,#1780,.T.);
#1201=EDGE_CURVE('',#1494,#1488,#1781,.T.);
#1202=EDGE_CURVE('',#1495,#1496,#1782,.T.);
#1203=EDGE_CURVE('',#1492,#1496,#1783,.T.);
#1204=EDGE_CURVE('',#1491,#1495,#1784,.T.);
#1205=EDGE_CURVE('',#1497,#1496,#1785,.T.);
#1206=EDGE_CURVE('',#1498,#1497,#1786,.T.);
#1207=EDGE_CURVE('',#1493,#1498,#1787,.T.);
#1208=EDGE_CURVE('',#1494,#1499,#1788,.T.);
#1209=EDGE_CURVE('',#1499,#1500,#1789,.T.);
#1210=EDGE_CURVE('',#1500,#1495,#1790,.T.);
#1211=EDGE_CURVE('',#1498,#1499,#1791,.T.);
#1212=EDGE_CURVE('',#1497,#1500,#1792,.T.);
#1213=EDGE_CURVE('',#1498,#1501,#104,.T.);
#1214=EDGE_CURVE('',#1501,#1502,#1793,.F.);
#1215=EDGE_CURVE('',#1499,#1502,#105,.T.);
#1216=EDGE_CURVE('',#1503,#1504,#1794,.T.);
#1217=EDGE_CURVE('',#1497,#1503,#106,.T.);
#1218=EDGE_CURVE('',#1500,#1504,#107,.T.);
#1219=EDGE_CURVE('',#1504,#1502,#1795,.T.);
#1220=EDGE_CURVE('',#1503,#1501,#1796,.T.);
#1221=EDGE_CURVE('',#1503,#1481,#1797,.T.);
#1222=EDGE_CURVE('',#1504,#1479,#1798,.T.);
#1223=EDGE_CURVE('',#1502,#1480,#1799,.T.);
#1224=EDGE_CURVE('',#1501,#1482,#1800,.T.);
#1225=EDGE_CURVE('',#1505,#1506,#108,.F.);
#1226=EDGE_CURVE('',#1505,#1507,#1801,.T.);
#1227=EDGE_CURVE('',#1507,#1508,#109,.F.);
#1228=EDGE_CURVE('',#1508,#1509,#110,.T.);
#1229=EDGE_CURVE('',#1509,#1510,#111,.F.);
#1230=EDGE_CURVE('',#1510,#1506,#1802,.T.);
#1231=EDGE_CURVE('',#1511,#1505,#1803,.F.);
#1232=EDGE_CURVE('',#1511,#1512,#22,.T.);
#1233=EDGE_CURVE('',#1512,#1513,#1804,.T.);
#1234=EDGE_CURVE('',#1513,#1507,#1805,.T.);
#1235=EDGE_CURVE('',#1512,#1514,#112,.F.);
#1236=EDGE_CURVE('',#1515,#1514,#1806,.T.);
#1237=EDGE_CURVE('',#1515,#1516,#113,.F.);
#1238=EDGE_CURVE('',#1516,#1517,#114,.T.);
#1239=EDGE_CURVE('',#1517,#1518,#115,.F.);
#1240=EDGE_CURVE('',#1519,#1518,#1807,.T.);
#1241=EDGE_CURVE('',#1519,#1520,#116,.T.);
#1242=EDGE_CURVE('',#1521,#1520,#1808,.T.);
#1243=EDGE_CURVE('',#1521,#1522,#117,.T.);
#1244=EDGE_CURVE('',#1523,#1522,#1809,.T.);
#1245=EDGE_CURVE('',#1523,#1524,#118,.F.);
#1246=EDGE_CURVE('',#1524,#1525,#119,.T.);
#1247=EDGE_CURVE('',#1525,#1513,#120,.F.);
#1248=EDGE_CURVE('',#1526,#1527,#1810,.T.);
#1249=EDGE_CURVE('',#1527,#1528,#121,.T.);
#1250=EDGE_CURVE('',#1528,#1529,#1811,.T.);
#1251=EDGE_CURVE('',#1529,#1530,#122,.T.);
#1252=EDGE_CURVE('',#1530,#1531,#1812,.T.);
#1253=EDGE_CURVE('',#1531,#1532,#123,.F.);
#1254=EDGE_CURVE('',#1532,#1533,#124,.T.);
#1255=EDGE_CURVE('',#1533,#1526,#125,.F.);
#1256=EDGE_CURVE('',#1534,#1535,#126,.T.);
#1257=EDGE_CURVE('',#1535,#1536,#127,.F.);
#1258=EDGE_CURVE('',#1536,#1537,#1813,.T.);
#1259=EDGE_CURVE('',#1537,#1538,#128,.T.);
#1260=EDGE_CURVE('',#1538,#1539,#1814,.T.);
#1261=EDGE_CURVE('',#1539,#1540,#129,.T.);
#1262=EDGE_CURVE('',#1540,#1541,#1815,.T.);
#1263=EDGE_CURVE('',#1541,#1534,#130,.F.);
#1264=EDGE_CURVE('',#1542,#1543,#1816,.T.);
#1265=EDGE_CURVE('',#1543,#1544,#23,.T.);
#1266=EDGE_CURVE('',#1544,#1545,#1817,.T.);
#1267=EDGE_CURVE('',#1545,#1546,#1818,.T.);
#1268=EDGE_CURVE('',#1542,#1546,#1819,.T.);
#1269=EDGE_CURVE('',#1518,#1541,#1820,.T.);
#1270=EDGE_CURVE('',#1540,#1519,#1821,.T.);
#1271=EDGE_CURVE('',#1530,#1547,#1822,.T.);
#1272=EDGE_CURVE('',#1547,#1548,#1823,.T.);
#1273=EDGE_CURVE('',#1548,#1531,#1824,.T.);
#1274=EDGE_CURVE('',#1544,#1549,#131,.F.);
#1275=EDGE_CURVE('',#1550,#1549,#1825,.T.);
#1276=EDGE_CURVE('',#1550,#1551,#132,.F.);
#1277=EDGE_CURVE('',#1551,#1552,#133,.T.);
#1278=EDGE_CURVE('',#1552,#1548,#134,.F.);
#1279=EDGE_CURVE('',#1547,#1553,#135,.T.);
#1280=EDGE_CURVE('',#1554,#1553,#1826,.T.);
#1281=EDGE_CURVE('',#1554,#1555,#136,.T.);
#1282=EDGE_CURVE('',#1556,#1555,#1827,.T.);
#1283=EDGE_CURVE('',#1556,#1557,#137,.F.);
#1284=EDGE_CURVE('',#1557,#1558,#138,.T.);
#1285=EDGE_CURVE('',#1558,#1545,#139,.F.);
#1286=EDGE_CURVE('',#1559,#1559,#140,.T.);
#1287=EDGE_CURVE('',#1560,#1506,#1828,.F.);
#1288=EDGE_CURVE('',#1560,#1543,#141,.T.);
#1289=EDGE_CURVE('',#1542,#1561,#142,.F.);
#1290=EDGE_CURVE('',#1562,#1561,#1829,.F.);
#1291=EDGE_CURVE('',#1562,#1511,#143,.T.);
#1292=EDGE_CURVE('',#1563,#1563,#144,.F.);
#1293=EDGE_CURVE('',#1564,#1564,#145,.T.);
#1294=EDGE_CURVE('',#1549,#1560,#24,.T.);
#1295=EDGE_CURVE('',#1510,#1550,#1830,.F.);
#1296=EDGE_CURVE('',#1514,#1562,#25,.T.);
#1297=EDGE_CURVE('',#1565,#1561,#1831,.T.);
#1298=EDGE_CURVE('',#1565,#1515,#1832,.F.);
#1299=EDGE_CURVE('',#1546,#1566,#146,.F.);
#1300=EDGE_CURVE('',#1566,#1567,#147,.T.);
#1301=EDGE_CURVE('',#1567,#1565,#148,.F.);
#1302=EDGE_CURVE('',#1538,#1521,#1833,.T.);
#1303=EDGE_CURVE('',#1520,#1539,#1834,.F.);
#1304=EDGE_CURVE('',#1536,#1523,#1835,.F.);
#1305=EDGE_CURVE('',#1522,#1537,#1836,.F.);
#1306=EDGE_CURVE('',#1555,#1527,#1837,.F.);
#1307=EDGE_CURVE('',#1526,#1556,#1838,.F.);
#1308=EDGE_CURVE('',#1528,#1554,#1839,.T.);
#1309=EDGE_CURVE('',#1553,#1529,#1840,.F.);
#1310=EDGE_CURVE('',#1568,#1568,#149,.F.);
#1311=EDGE_CURVE('',#1569,#1569,#150,.T.);
#1312=EDGE_CURVE('',#1532,#1552,#1841,.T.);
#1313=EDGE_CURVE('',#1551,#1509,#1842,.F.);
#1314=EDGE_CURVE('',#1508,#1525,#1843,.T.);
#1315=EDGE_CURVE('',#1524,#1535,#1844,.F.);
#1316=EDGE_CURVE('',#1534,#1517,#1845,.T.);
#1317=EDGE_CURVE('',#1516,#1567,#1846,.F.);
#1318=EDGE_CURVE('',#1566,#1558,#1847,.T.);
#1319=EDGE_CURVE('',#1557,#1533,#1848,.F.);
#1320=EDGE_CURVE('',#1570,#1570,#151,.T.);
#1321=EDGE_CURVE('',#1571,#1571,#152,.T.);
#1322=EDGE_CURVE('',#1572,#1572,#153,.F.);
#1323=VERTEX_POINT('',#3838);
#1324=VERTEX_POINT('',#3839);
#1325=VERTEX_POINT('',#3841);
#1326=VERTEX_POINT('',#3843);
#1327=VERTEX_POINT('',#3847);
#1328=VERTEX_POINT('',#3848);
#1329=VERTEX_POINT('',#3850);
#1330=VERTEX_POINT('',#3852);
#1331=VERTEX_POINT('',#3856);
#1332=VERTEX_POINT('',#3859);
#1333=VERTEX_POINT('',#3863);
#1334=VERTEX_POINT('',#3865);
#1335=VERTEX_POINT('',#3868);
#1336=VERTEX_POINT('',#3869);
#1337=VERTEX_POINT('',#3871);
#1338=VERTEX_POINT('',#3873);
#1339=VERTEX_POINT('',#3877);
#1340=VERTEX_POINT('',#3878);
#1341=VERTEX_POINT('',#3883);
#1342=VERTEX_POINT('',#3884);
#1343=VERTEX_POINT('',#3889);
#1344=VERTEX_POINT('',#3891);
#1345=VERTEX_POINT('',#3895);
#1346=VERTEX_POINT('',#3897);
#1347=VERTEX_POINT('',#3901);
#1348=VERTEX_POINT('',#3905);
#1349=VERTEX_POINT('',#3914);
#1350=VERTEX_POINT('',#3915);
#1351=VERTEX_POINT('',#3917);
#1352=VERTEX_POINT('',#3919);
#1353=VERTEX_POINT('',#3921);
#1354=VERTEX_POINT('',#3923);
#1355=VERTEX_POINT('',#3925);
#1356=VERTEX_POINT('',#3927);
#1357=VERTEX_POINT('',#3929);
#1358=VERTEX_POINT('',#3931);
#1359=VERTEX_POINT('',#3933);
#1360=VERTEX_POINT('',#3935);
#1361=VERTEX_POINT('',#3937);
#1362=VERTEX_POINT('',#3939);
#1363=VERTEX_POINT('',#3943);
#1364=VERTEX_POINT('',#3945);
#1365=VERTEX_POINT('',#3947);
#1366=VERTEX_POINT('',#3950);
#1367=VERTEX_POINT('',#3952);
#1368=VERTEX_POINT('',#3954);
#1369=VERTEX_POINT('',#3956);
#1370=VERTEX_POINT('',#3958);
#1371=VERTEX_POINT('',#3960);
#1372=VERTEX_POINT('',#3962);
#1373=VERTEX_POINT('',#3966);
#1374=VERTEX_POINT('',#3968);
#1375=VERTEX_POINT('',#3971);
#1376=VERTEX_POINT('',#3973);
#1377=VERTEX_POINT('',#3976);
#1378=VERTEX_POINT('',#3978);
#1379=VERTEX_POINT('',#3980);
#1380=VERTEX_POINT('',#3982);
#1381=VERTEX_POINT('',#3984);
#1382=VERTEX_POINT('',#3988);
#1383=VERTEX_POINT('',#3990);
#1384=VERTEX_POINT('',#3993);
#1385=VERTEX_POINT('',#3995);
#1386=VERTEX_POINT('',#3997);
#1387=VERTEX_POINT('',#3999);
#1388=VERTEX_POINT('',#4003);
#1389=VERTEX_POINT('',#4005);
#1390=VERTEX_POINT('',#4007);
#1391=VERTEX_POINT('',#4011);
#1392=VERTEX_POINT('',#4013);
#1393=VERTEX_POINT('',#4015);
#1394=VERTEX_POINT('',#4017);
#1395=VERTEX_POINT('',#4020);
#1396=VERTEX_POINT('',#4023);
#1397=VERTEX_POINT('',#4025);
#1398=VERTEX_POINT('',#4038);
#1399=VERTEX_POINT('',#4040);
#1400=VERTEX_POINT('',#4042);
#1401=VERTEX_POINT('',#4046);
#1402=VERTEX_POINT('',#4048);
#1403=VERTEX_POINT('',#4050);
#1404=VERTEX_POINT('',#4054);
#1405=VERTEX_POINT('',#4065);
#1406=VERTEX_POINT('',#4068);
#1407=VERTEX_POINT('',#4072);
#1408=VERTEX_POINT('',#4074);
#1409=VERTEX_POINT('',#4083);
#1410=VERTEX_POINT('',#4087);
#1411=VERTEX_POINT('',#4103);
#1412=VERTEX_POINT('',#4104);
#1413=VERTEX_POINT('',#4106);
#1414=VERTEX_POINT('',#4108);
#1415=VERTEX_POINT('',#4111);
#1416=VERTEX_POINT('',#4112);
#1417=VERTEX_POINT('',#4114);
#1418=VERTEX_POINT('',#4116);
#1419=VERTEX_POINT('',#4120);
#1420=VERTEX_POINT('',#4122);
#1421=VERTEX_POINT('',#4123);
#1422=VERTEX_POINT('',#4125);
#1423=VERTEX_POINT('',#4127);
#1424=VERTEX_POINT('',#4131);
#1425=VERTEX_POINT('',#4132);
#1426=VERTEX_POINT('',#4137);
#1427=VERTEX_POINT('',#4139);
#1428=VERTEX_POINT('',#4140);
#1429=VERTEX_POINT('',#4145);
#1430=VERTEX_POINT('',#4146);
#1431=VERTEX_POINT('',#4148);
#1432=VERTEX_POINT('',#4150);
#1433=VERTEX_POINT('',#4154);
#1434=VERTEX_POINT('',#4156);
#1435=VERTEX_POINT('',#4158);
#1436=VERTEX_POINT('',#4160);
#1437=VERTEX_POINT('',#4162);
#1438=VERTEX_POINT('',#4164);
#1439=VERTEX_POINT('',#4166);
#1440=VERTEX_POINT('',#4169);
#1441=VERTEX_POINT('',#4171);
#1442=VERTEX_POINT('',#4173);
#1443=VERTEX_POINT('',#4176);
#1444=VERTEX_POINT('',#4178);
#1445=VERTEX_POINT('',#4182);
#1446=VERTEX_POINT('',#4184);
#1447=VERTEX_POINT('',#4190);
#1448=VERTEX_POINT('',#4192);
#1449=VERTEX_POINT('',#4194);
#1450=VERTEX_POINT('',#4197);
#1451=VERTEX_POINT('',#4199);
#1452=VERTEX_POINT('',#4201);
#1453=VERTEX_POINT('',#4203);
#1454=VERTEX_POINT('',#4205);
#1455=VERTEX_POINT('',#4207);
#1456=VERTEX_POINT('',#4209);
#1457=VERTEX_POINT('',#4216);
#1458=VERTEX_POINT('',#4220);
#1459=VERTEX_POINT('',#4243);
#1460=VERTEX_POINT('',#4245);
#1461=VERTEX_POINT('',#4249);
#1462=VERTEX_POINT('',#4253);
#1463=VERTEX_POINT('',#4261);
#1464=VERTEX_POINT('',#4262);
#1465=VERTEX_POINT('',#4264);
#1466=VERTEX_POINT('',#4266);
#1467=VERTEX_POINT('',#4270);
#1468=VERTEX_POINT('',#4272);
#1469=VERTEX_POINT('',#4276);
#1470=VERTEX_POINT('',#4280);
#1471=VERTEX_POINT('',#4286);
#1472=VERTEX_POINT('',#4288);
#1473=VERTEX_POINT('',#4292);
#1474=VERTEX_POINT('',#4296);
#1475=VERTEX_POINT('',#4302);
#1476=VERTEX_POINT('',#4303);
#1477=VERTEX_POINT('',#4308);
#1478=VERTEX_POINT('',#4312);
#1479=VERTEX_POINT('',#4318);
#1480=VERTEX_POINT('',#4320);
#1481=VERTEX_POINT('',#4324);
#1482=VERTEX_POINT('',#4328);
#1483=VERTEX_POINT('',#4334);
#1484=VERTEX_POINT('',#4336);
#1485=VERTEX_POINT('',#4339);
#1486=VERTEX_POINT('',#4340);
#1487=VERTEX_POINT('',#4342);
#1488=VERTEX_POINT('',#4344);
#1489=VERTEX_POINT('',#4348);
#1490=VERTEX_POINT('',#4350);
#1491=VERTEX_POINT('',#4354);
#1492=VERTEX_POINT('',#4355);
#1493=VERTEX_POINT('',#4360);
#1494=VERTEX_POINT('',#4362);
#1495=VERTEX_POINT('',#4366);
#1496=VERTEX_POINT('',#4367);
#1497=VERTEX_POINT('',#4372);
#1498=VERTEX_POINT('',#4374);
#1499=VERTEX_POINT('',#4378);
#1500=VERTEX_POINT('',#4380);
#1501=VERTEX_POINT('',#4388);
#1502=VERTEX_POINT('',#4390);
#1503=VERTEX_POINT('',#4394);
#1504=VERTEX_POINT('',#4395);
#1505=VERTEX_POINT('',#4413);
#1506=VERTEX_POINT('',#4414);
#1507=VERTEX_POINT('',#4416);
#1508=VERTEX_POINT('',#4418);
#1509=VERTEX_POINT('',#4420);
#1510=VERTEX_POINT('',#4422);
#1511=VERTEX_POINT('',#4426);
#1512=VERTEX_POINT('',#4431);
#1513=VERTEX_POINT('',#4433);
#1514=VERTEX_POINT('',#4437);
#1515=VERTEX_POINT('',#4439);
#1516=VERTEX_POINT('',#4441);
#1517=VERTEX_POINT('',#4443);
#1518=VERTEX_POINT('',#4445);
#1519=VERTEX_POINT('',#4447);
#1520=VERTEX_POINT('',#4449);
#1521=VERTEX_POINT('',#4451);
#1522=VERTEX_POINT('',#4453);
#1523=VERTEX_POINT('',#4455);
#1524=VERTEX_POINT('',#4457);
#1525=VERTEX_POINT('',#4459);
#1526=VERTEX_POINT('',#4463);
#1527=VERTEX_POINT('',#4464);
#1528=VERTEX_POINT('',#4466);
#1529=VERTEX_POINT('',#4468);
#1530=VERTEX_POINT('',#4470);
#1531=VERTEX_POINT('',#4472);
#1532=VERTEX_POINT('',#4474);
#1533=VERTEX_POINT('',#4476);
#1534=VERTEX_POINT('',#4480);
#1535=VERTEX_POINT('',#4481);
#1536=VERTEX_POINT('',#4483);
#1537=VERTEX_POINT('',#4485);
#1538=VERTEX_POINT('',#4487);
#1539=VERTEX_POINT('',#4489);
#1540=VERTEX_POINT('',#4491);
#1541=VERTEX_POINT('',#4493);
#1542=VERTEX_POINT('',#4497);
#1543=VERTEX_POINT('',#4498);
#1544=VERTEX_POINT('',#4503);
#1545=VERTEX_POINT('',#4505);
#1546=VERTEX_POINT('',#4507);
#1547=VERTEX_POINT('',#4514);
#1548=VERTEX_POINT('',#4516);
#1549=VERTEX_POINT('',#4520);
#1550=VERTEX_POINT('',#4522);
#1551=VERTEX_POINT('',#4524);
#1552=VERTEX_POINT('',#4526);
#1553=VERTEX_POINT('',#4529);
#1554=VERTEX_POINT('',#4531);
#1555=VERTEX_POINT('',#4533);
#1556=VERTEX_POINT('',#4535);
#1557=VERTEX_POINT('',#4537);
#1558=VERTEX_POINT('',#4539);
#1559=VERTEX_POINT('',#4543);
#1560=VERTEX_POINT('',#4545);
#1561=VERTEX_POINT('',#4548);
#1562=VERTEX_POINT('',#4550);
#1563=VERTEX_POINT('',#4554);
#1564=VERTEX_POINT('',#4557);
#1565=VERTEX_POINT('',#4570);
#1566=VERTEX_POINT('',#4574);
#1567=VERTEX_POINT('',#4576);
#1568=VERTEX_POINT('',#4592);
#1569=VERTEX_POINT('',#4595);
#1570=VERTEX_POINT('',#4619);
#1571=VERTEX_POINT('',#4621);
#1572=VERTEX_POINT('',#4625);
#1573=LINE('',#3837,#1849);
#1574=LINE('',#3840,#1850);
#1575=LINE('',#3842,#1851);
#1576=LINE('',#3844,#1852);
#1577=LINE('',#3846,#1853);
#1578=LINE('',#3849,#1854);
#1579=LINE('',#3851,#1855);
#1580=LINE('',#3853,#1856);
#1581=LINE('',#3855,#1857);
#1582=LINE('',#3857,#1858);
#1583=LINE('',#3858,#1859);
#1584=LINE('',#3860,#1860);
#1585=LINE('',#3867,#1861);
#1586=LINE('',#3870,#1862);
#1587=LINE('',#3872,#1863);
#1588=LINE('',#3874,#1864);
#1589=LINE('',#3876,#1865);
#1590=LINE('',#3879,#1866);
#1591=LINE('',#3880,#1867);
#1592=LINE('',#3882,#1868);
#1593=LINE('',#3885,#1869);
#1594=LINE('',#3886,#1870);
#1595=LINE('',#3894,#1871);
#1596=LINE('',#3896,#1872);
#1597=LINE('',#3898,#1873);
#1598=LINE('',#3900,#1874);
#1599=LINE('',#3902,#1875);
#1600=LINE('',#3904,#1876);
#1601=LINE('',#3906,#1877);
#1602=LINE('',#3908,#1878);
#1603=LINE('',#3910,#1879);
#1604=LINE('',#3911,#1880);
#1605=LINE('',#3913,#1881);
#1606=LINE('',#3918,#1882);
#1607=LINE('',#3920,#1883);
#1608=LINE('',#3922,#1884);
#1609=LINE('',#3924,#1885);
#1610=LINE('',#3926,#1886);
#1611=LINE('',#3928,#1887);
#1612=LINE('',#3930,#1888);
#1613=LINE('',#3932,#1889);
#1614=LINE('',#3936,#1890);
#1615=LINE('',#3940,#1891);
#1616=LINE('',#3942,#1892);
#1617=LINE('',#3944,#1893);
#1618=LINE('',#3946,#1894);
#1619=LINE('',#3948,#1895);
#1620=LINE('',#3949,#1896);
#1621=LINE('',#3951,#1897);
#1622=LINE('',#3953,#1898);
#1623=LINE('',#3955,#1899);
#1624=LINE('',#3957,#1900);
#1625=LINE('',#3959,#1901);
#1626=LINE('',#3961,#1902);
#1627=LINE('',#3963,#1903);
#1628=LINE('',#3965,#1904);
#1629=LINE('',#3967,#1905);
#1630=LINE('',#3969,#1906);
#1631=LINE('',#3970,#1907);
#1632=LINE('',#3972,#1908);
#1633=LINE('',#3974,#1909);
#1634=LINE('',#3975,#1910);
#1635=LINE('',#3977,#1911);
#1636=LINE('',#3979,#1912);
#1637=LINE('',#3981,#1913);
#1638=LINE('',#3983,#1914);
#1639=LINE('',#3985,#1915);
#1640=LINE('',#3987,#1916);
#1641=LINE('',#3989,#1917);
#1642=LINE('',#3991,#1918);
#1643=LINE('',#3992,#1919);
#1644=LINE('',#3994,#1920);
#1645=LINE('',#3996,#1921);
#1646=LINE('',#3998,#1922);
#1647=LINE('',#4000,#1923);
#1648=LINE('',#4004,#1924);
#1649=LINE('',#4006,#1925);
#1650=LINE('',#4008,#1926);
#1651=LINE('',#4010,#1927);
#1652=LINE('',#4014,#1928);
#1653=LINE('',#4016,#1929);
#1654=LINE('',#4021,#1930);
#1655=LINE('',#4022,#1931);
#1656=LINE('',#4024,#1932);
#1657=LINE('',#4026,#1933);
#1658=LINE('',#4028,#1934);
#1659=LINE('',#4030,#1935);
#1660=LINE('',#4032,#1936);
#1661=LINE('',#4033,#1937);
#1662=LINE('',#4035,#1938);
#1663=LINE('',#4037,#1939);
#1664=LINE('',#4039,#1940);
#1665=LINE('',#4041,#1941);
#1666=LINE('',#4043,#1942);
#1667=LINE('',#4047,#1943);
#1668=LINE('',#4049,#1944);
#1669=LINE('',#4051,#1945);
#1670=LINE('',#4053,#1946);
#1671=LINE('',#4055,#1947);
#1672=LINE('',#4056,#1948);
#1673=LINE('',#4059,#1949);
#1674=LINE('',#4060,#1950);
#1675=LINE('',#4071,#1951);
#1676=LINE('',#4073,#1952);
#1677=LINE('',#4075,#1953);
#1678=LINE('',#4077,#1954);
#1679=LINE('',#4079,#1955);
#1680=LINE('',#4082,#1956);
#1681=LINE('',#4084,#1957);
#1682=LINE('',#4086,#1958);
#1683=LINE('',#4088,#1959);
#1684=LINE('',#4090,#1960);
#1685=LINE('',#4096,#1961);
#1686=LINE('',#4097,#1962);
#1687=LINE('',#4102,#1963);
#1688=LINE('',#4105,#1964);
#1689=LINE('',#4107,#1965);
#1690=LINE('',#4109,#1966);
#1691=LINE('',#4110,#1967);
#1692=LINE('',#4113,#1968);
#1693=LINE('',#4115,#1969);
#1694=LINE('',#4117,#1970);
#1695=LINE('',#4121,#1971);
#1696=LINE('',#4124,#1972);
#1697=LINE('',#4126,#1973);
#1698=LINE('',#4128,#1974);
#1699=LINE('',#4130,#1975);
#1700=LINE('',#4133,#1976);
#1701=LINE('',#4134,#1977);
#1702=LINE('',#4138,#1978);
#1703=LINE('',#4141,#1979);
#1704=LINE('',#4142,#1980);
#1705=LINE('',#4144,#1981);
#1706=LINE('',#4147,#1982);
#1707=LINE('',#4149,#1983);
#1708=LINE('',#4151,#1984);
#1709=LINE('',#4155,#1985);
#1710=LINE('',#4159,#1986);
#1711=LINE('',#4163,#1987);
#1712=LINE('',#4167,#1988);
#1713=LINE('',#4168,#1989);
#1714=LINE('',#4172,#1990);
#1715=LINE('',#4177,#1991);
#1716=LINE('',#4181,#1992);
#1717=LINE('',#4183,#1993);
#1718=LINE('',#4185,#1994);
#1719=LINE('',#4191,#1995);
#1720=LINE('',#4195,#1996);
#1721=LINE('',#4196,#1997);
#1722=LINE('',#4200,#1998);
#1723=LINE('',#4204,#1999);
#1724=LINE('',#4208,#2000);
#1725=LINE('',#4212,#2001);
#1726=LINE('',#4213,#2002);
#1727=LINE('',#4217,#2003);
#1728=LINE('',#4221,#2004);
#1729=LINE('',#4223,#2005);
#1730=LINE('',#4224,#2006);
#1731=LINE('',#4226,#2007);
#1732=LINE('',#4227,#2008);
#1733=LINE('',#4229,#2009);
#1734=LINE('',#4230,#2010);
#1735=LINE('',#4242,#2011);
#1736=LINE('',#4244,#2012);
#1737=LINE('',#4246,#2013);
#1738=LINE('',#4250,#2014);
#1739=LINE('',#4252,#2015);
#1740=LINE('',#4254,#2016);
#1741=LINE('',#4260,#2017);
#1742=LINE('',#4263,#2018);
#1743=LINE('',#4265,#2019);
#1744=LINE('',#4267,#2020);
#1745=LINE('',#4269,#2021);
#1746=LINE('',#4271,#2022);
#1747=LINE('',#4273,#2023);
#1748=LINE('',#4275,#2024);
#1749=LINE('',#4277,#2025);
#1750=LINE('',#4279,#2026);
#1751=LINE('',#4281,#2027);
#1752=LINE('',#4283,#2028);
#1753=LINE('',#4287,#2029);
#1754=LINE('',#4293,#2030);
#1755=LINE('',#4295,#2031);
#1756=LINE('',#4299,#2032);
#1757=LINE('',#4301,#2033);
#1758=LINE('',#4304,#2034);
#1759=LINE('',#4305,#2035);
#1760=LINE('',#4307,#2036);
#1761=LINE('',#4309,#2037);
#1762=LINE('',#4311,#2038);
#1763=LINE('',#4313,#2039);
#1764=LINE('',#4315,#2040);
#1765=LINE('',#4319,#2041);
#1766=LINE('',#4325,#2042);
#1767=LINE('',#4329,#2043);
#1768=LINE('',#4331,#2044);
#1769=LINE('',#4338,#2045);
#1770=LINE('',#4341,#2046);
#1771=LINE('',#4343,#2047);
#1772=LINE('',#4345,#2048);
#1773=LINE('',#4347,#2049);
#1774=LINE('',#4349,#2050);
#1775=LINE('',#4351,#2051);
#1776=LINE('',#4353,#2052);
#1777=LINE('',#4356,#2053);
#1778=LINE('',#4357,#2054);
#1779=LINE('',#4359,#2055);
#1780=LINE('',#4361,#2056);
#1781=LINE('',#4363,#2057);
#1782=LINE('',#4365,#2058);
#1783=LINE('',#4368,#2059);
#1784=LINE('',#4369,#2060);
#1785=LINE('',#4371,#2061);
#1786=LINE('',#4373,#2062);
#1787=LINE('',#4375,#2063);
#1788=LINE('',#4377,#2064);
#1789=LINE('',#4379,#2065);
#1790=LINE('',#4381,#2066);
#1791=LINE('',#4383,#2067);
#1792=LINE('',#4385,#2068);
#1793=LINE('',#4389,#2069);
#1794=LINE('',#4393,#2070);
#1795=LINE('',#4399,#2071);
#1796=LINE('',#4401,#2072);
#1797=LINE('',#4403,#2073);
#1798=LINE('',#4404,#2074);
#1799=LINE('',#4406,#2075);
#1800=LINE('',#4407,#2076);
#1801=LINE('',#4415,#2077);
#1802=LINE('',#4423,#2078);
#1803=LINE('',#4425,#2079);
#1804=LINE('',#4432,#2080);
#1805=LINE('',#4434,#2081);
#1806=LINE('',#4438,#2082);
#1807=LINE('',#4446,#2083);
#1808=LINE('',#4450,#2084);
#1809=LINE('',#4454,#2085);
#1810=LINE('',#4462,#2086);
#1811=LINE('',#4467,#2087);
#1812=LINE('',#4471,#2088);
#1813=LINE('',#4484,#2089);
#1814=LINE('',#4488,#2090);
#1815=LINE('',#4492,#2091);
#1816=LINE('',#4496,#2092);
#1817=LINE('',#4504,#2093);
#1818=LINE('',#4506,#2094);
#1819=LINE('',#4508,#2095);
#1820=LINE('',#4510,#2096);
#1821=LINE('',#4511,#2097);
#1822=LINE('',#4513,#2098);
#1823=LINE('',#4515,#2099);
#1824=LINE('',#4517,#2100);
#1825=LINE('',#4521,#2101);
#1826=LINE('',#4530,#2102);
#1827=LINE('',#4534,#2103);
#1828=LINE('',#4544,#2104);
#1829=LINE('',#4549,#2105);
#1830=LINE('',#4563,#2106);
#1831=LINE('',#4569,#2107);
#1832=LINE('',#4571,#2108);
#1833=LINE('',#4579,#2109);
#1834=LINE('',#4580,#2110);
#1835=LINE('',#4582,#2111);
#1836=LINE('',#4583,#2112);
#1837=LINE('',#4585,#2113);
#1838=LINE('',#4586,#2114);
#1839=LINE('',#4588,#2115);
#1840=LINE('',#4589,#2116);
#1841=LINE('',#4596,#2117);
#1842=LINE('',#4597,#2118);
#1843=LINE('',#4598,#2119);
#1844=LINE('',#4599,#2120);
#1845=LINE('',#4600,#2121);
#1846=LINE('',#4601,#2122);
#1847=LINE('',#4602,#2123);
#1848=LINE('',#4603,#2124);
#1849=VECTOR('',#3053,1000.);
#1850=VECTOR('',#3054,1000.);
#1851=VECTOR('',#3055,1000.);
#1852=VECTOR('',#3056,1000.);
#1853=VECTOR('',#3059,1000.);
#1854=VECTOR('',#3060,1000.);
#1855=VECTOR('',#3061,1000.);
#1856=VECTOR('',#3062,1000.);
#1857=VECTOR('',#3065,1000.);
#1858=VECTOR('',#3066,1000.);
#1859=VECTOR('',#3067,1000.);
#1860=VECTOR('',#3068,1000.);
#1861=VECTOR('',#3077,1000.);
#1862=VECTOR('',#3078,1000.);
#1863=VECTOR('',#3079,1000.);
#1864=VECTOR('',#3080,1000.);
#1865=VECTOR('',#3083,1000.);
#1866=VECTOR('',#3084,1000.);
#1867=VECTOR('',#3085,1000.);
#1868=VECTOR('',#3088,1000.);
#1869=VECTOR('',#3089,1000.);
#1870=VECTOR('',#3090,1000.);
#1871=VECTOR('',#3101,1000.);
#1872=VECTOR('',#3102,1000.);
#1873=VECTOR('',#3103,1000.);
#1874=VECTOR('',#3106,1000.);
#1875=VECTOR('',#3107,1000.);
#1876=VECTOR('',#3110,1000.);
#1877=VECTOR('',#3111,1000.);
#1878=VECTOR('',#3114,1000.);
#1879=VECTOR('',#3117,1000.);
#1880=VECTOR('',#3118,1000.);
#1881=VECTOR('',#3121,1000.);
#1882=VECTOR('',#3124,1000.);
#1883=VECTOR('',#3125,1000.);
#1884=VECTOR('',#3126,1000.);
#1885=VECTOR('',#3127,1000.);
#1886=VECTOR('',#3128,1000.);
#1887=VECTOR('',#3129,1000.);
#1888=VECTOR('',#3130,1000.);
#1889=VECTOR('',#3131,1000.);
#1890=VECTOR('',#3134,1000.);
#1891=VECTOR('',#3137,1000.);
#1892=VECTOR('',#3140,1000.);
#1893=VECTOR('',#3141,1000.);
#1894=VECTOR('',#3142,1000.);
#1895=VECTOR('',#3143,1000.);
#1896=VECTOR('',#3144,1000.);
#1897=VECTOR('',#3145,1000.);
#1898=VECTOR('',#3146,1000.);
#1899=VECTOR('',#3147,1000.);
#1900=VECTOR('',#3148,1000.);
#1901=VECTOR('',#3149,1000.);
#1902=VECTOR('',#3150,1000.);
#1903=VECTOR('',#3151,1000.);
#1904=VECTOR('',#3154,1000.);
#1905=VECTOR('',#3155,1000.);
#1906=VECTOR('',#3156,1000.);
#1907=VECTOR('',#3157,1000.);
#1908=VECTOR('',#3158,1000.);
#1909=VECTOR('',#3159,1000.);
#1910=VECTOR('',#3160,1000.);
#1911=VECTOR('',#3161,1000.);
#1912=VECTOR('',#3162,1000.);
#1913=VECTOR('',#3163,1000.);
#1914=VECTOR('',#3164,1000.);
#1915=VECTOR('',#3165,1000.);
#1916=VECTOR('',#3168,1000.);
#1917=VECTOR('',#3169,1000.);
#1918=VECTOR('',#3170,1000.);
#1919=VECTOR('',#3171,1000.);
#1920=VECTOR('',#3172,1000.);
#1921=VECTOR('',#3173,1000.);
#1922=VECTOR('',#3174,1000.);
#1923=VECTOR('',#3175,1000.);
#1924=VECTOR('',#3180,1000.);
#1925=VECTOR('',#3181,1000.);
#1926=VECTOR('',#3182,1000.);
#1927=VECTOR('',#3185,1000.);
#1928=VECTOR('',#3188,1000.);
#1929=VECTOR('',#3189,1000.);
#1930=VECTOR('',#3194,1000.);
#1931=VECTOR('',#3195,1000.);
#1932=VECTOR('',#3196,1000.);
#1933=VECTOR('',#3197,1000.);
#1934=VECTOR('',#3200,1000.);
#1935=VECTOR('',#3203,1000.);
#1936=VECTOR('',#3206,1000.);
#1937=VECTOR('',#3207,1000.);
#1938=VECTOR('',#3210,1000.);
#1939=VECTOR('',#3213,1000.);
#1940=VECTOR('',#3214,1000.);
#1941=VECTOR('',#3215,1000.);
#1942=VECTOR('',#3216,1000.);
#1943=VECTOR('',#3221,1000.);
#1944=VECTOR('',#3222,1000.);
#1945=VECTOR('',#3223,1000.);
#1946=VECTOR('',#3226,1000.);
#1947=VECTOR('',#3227,1000.);
#1948=VECTOR('',#3228,1000.);
#1949=VECTOR('',#3233,1000.);
#1950=VECTOR('',#3234,1000.);
#1951=VECTOR('',#3251,1000.);
#1952=VECTOR('',#3252,1000.);
#1953=VECTOR('',#3253,1000.);
#1954=VECTOR('',#3256,1000.);
#1955=VECTOR('',#3259,1000.);
#1956=VECTOR('',#3264,1000.);
#1957=VECTOR('',#3265,1000.);
#1958=VECTOR('',#3268,1000.);
#1959=VECTOR('',#3269,1000.);
#1960=VECTOR('',#3272,1000.);
#1961=VECTOR('',#3283,1000.);
#1962=VECTOR('',#3284,1000.);
#1963=VECTOR('',#3293,1000.);
#1964=VECTOR('',#3294,1000.);
#1965=VECTOR('',#3295,1000.);
#1966=VECTOR('',#3296,1000.);
#1967=VECTOR('',#3297,1000.);
#1968=VECTOR('',#3298,1000.);
#1969=VECTOR('',#3299,1000.);
#1970=VECTOR('',#3300,1000.);
#1971=VECTOR('',#3305,1000.);
#1972=VECTOR('',#3306,1000.);
#1973=VECTOR('',#3307,1000.);
#1974=VECTOR('',#3308,1000.);
#1975=VECTOR('',#3311,1000.);
#1976=VECTOR('',#3312,1000.);
#1977=VECTOR('',#3313,1000.);
#1978=VECTOR('',#3318,1000.);
#1979=VECTOR('',#3319,1000.);
#1980=VECTOR('',#3320,1000.);
#1981=VECTOR('',#3323,1000.);
#1982=VECTOR('',#3324,1000.);
#1983=VECTOR('',#3325,1000.);
#1984=VECTOR('',#3326,1000.);
#1985=VECTOR('',#3331,1000.);
#1986=VECTOR('',#3334,1000.);
#1987=VECTOR('',#3337,1000.);
#1988=VECTOR('',#3340,1000.);
#1989=VECTOR('',#3341,1000.);
#1990=VECTOR('',#3344,1000.);
#1991=VECTOR('',#3349,1000.);
#1992=VECTOR('',#3354,1000.);
#1993=VECTOR('',#3355,1000.);
#1994=VECTOR('',#3356,1000.);
#1995=VECTOR('',#3365,1000.);
#1996=VECTOR('',#3368,1000.);
#1997=VECTOR('',#3369,1000.);
#1998=VECTOR('',#3372,1000.);
#1999=VECTOR('',#3375,1000.);
#2000=VECTOR('',#3378,1000.);
#2001=VECTOR('',#3383,1000.);
#2002=VECTOR('',#3384,1000.);
#2003=VECTOR('',#3389,1000.);
#2004=VECTOR('',#3394,1000.);
#2005=VECTOR('',#3397,1000.);
#2006=VECTOR('',#3398,1000.);
#2007=VECTOR('',#3401,1000.);
#2008=VECTOR('',#3402,1000.);
#2009=VECTOR('',#3405,1000.);
#2010=VECTOR('',#3406,1000.);
#2011=VECTOR('',#3429,1000.);
#2012=VECTOR('',#3430,1000.);
#2013=VECTOR('',#3431,1000.);
#2014=VECTOR('',#3436,1000.);
#2015=VECTOR('',#3439,1000.);
#2016=VECTOR('',#3440,1000.);
#2017=VECTOR('',#3451,1000.);
#2018=VECTOR('',#3452,1000.);
#2019=VECTOR('',#3453,1000.);
#2020=VECTOR('',#3454,1000.);
#2021=VECTOR('',#3457,1000.);
#2022=VECTOR('',#3458,1000.);
#2023=VECTOR('',#3459,1000.);
#2024=VECTOR('',#3462,1000.);
#2025=VECTOR('',#3463,1000.);
#2026=VECTOR('',#3466,1000.);
#2027=VECTOR('',#3467,1000.);
#2028=VECTOR('',#3470,1000.);
#2029=VECTOR('',#3475,1000.);
#2030=VECTOR('',#3482,1000.);
#2031=VECTOR('',#3485,1000.);
#2032=VECTOR('',#3490,1000.);
#2033=VECTOR('',#3493,1000.);
#2034=VECTOR('',#3494,1000.);
#2035=VECTOR('',#3495,1000.);
#2036=VECTOR('',#3498,1000.);
#2037=VECTOR('',#3499,1000.);
#2038=VECTOR('',#3502,1000.);
#2039=VECTOR('',#3503,1000.);
#2040=VECTOR('',#3506,1000.);
#2041=VECTOR('',#3511,1000.);
#2042=VECTOR('',#3518,1000.);
#2043=VECTOR('',#3523,1000.);
#2044=VECTOR('',#3526,1000.);
#2045=VECTOR('',#3535,1000.);
#2046=VECTOR('',#3536,1000.);
#2047=VECTOR('',#3537,1000.);
#2048=VECTOR('',#3538,1000.);
#2049=VECTOR('',#3541,1000.);
#2050=VECTOR('',#3542,1000.);
#2051=VECTOR('',#3543,1000.);
#2052=VECTOR('',#3546,1000.);
#2053=VECTOR('',#3547,1000.);
#2054=VECTOR('',#3548,1000.);
#2055=VECTOR('',#3551,1000.);
#2056=VECTOR('',#3552,1000.);
#2057=VECTOR('',#3553,1000.);
#2058=VECTOR('',#3556,1000.);
#2059=VECTOR('',#3557,1000.);
#2060=VECTOR('',#3558,1000.);
#2061=VECTOR('',#3561,1000.);
#2062=VECTOR('',#3562,1000.);
#2063=VECTOR('',#3563,1000.);
#2064=VECTOR('',#3566,1000.);
#2065=VECTOR('',#3567,1000.);
#2066=VECTOR('',#3568,1000.);
#2067=VECTOR('',#3571,1000.);
#2068=VECTOR('',#3574,1000.);
#2069=VECTOR('',#3579,1000.);
#2070=VECTOR('',#3584,1000.);
#2071=VECTOR('',#3591,1000.);
#2072=VECTOR('',#3594,1000.);
#2073=VECTOR('',#3597,1000.);
#2074=VECTOR('',#3598,1000.);
#2075=VECTOR('',#3601,1000.);
#2076=VECTOR('',#3602,1000.);
#2077=VECTOR('',#3613,1000.);
#2078=VECTOR('',#3620,1000.);
#2079=VECTOR('',#3623,1000.);
#2080=VECTOR('',#3624,1000.);
#2081=VECTOR('',#3625,1000.);
#2082=VECTOR('',#3630,1000.);
#2083=VECTOR('',#3637,1000.);
#2084=VECTOR('',#3640,1000.);
#2085=VECTOR('',#3643,1000.);
#2086=VECTOR('',#3652,1000.);
#2087=VECTOR('',#3655,1000.);
#2088=VECTOR('',#3658,1000.);
#2089=VECTOR('',#3671,1000.);
#2090=VECTOR('',#3674,1000.);
#2091=VECTOR('',#3677,1000.);
#2092=VECTOR('',#3682,1000.);
#2093=VECTOR('',#3683,1000.);
#2094=VECTOR('',#3684,1000.);
#2095=VECTOR('',#3685,1000.);
#2096=VECTOR('',#3688,1000.);
#2097=VECTOR('',#3689,1000.);
#2098=VECTOR('',#3692,1000.);
#2099=VECTOR('',#3693,1000.);
#2100=VECTOR('',#3694,1000.);
#2101=VECTOR('',#3699,1000.);
#2102=VECTOR('',#3708,1000.);
#2103=VECTOR('',#3711,1000.);
#2104=VECTOR('',#3722,1000.);
#2105=VECTOR('',#3727,1000.);
#2106=VECTOR('',#3740,1000.);
#2107=VECTOR('',#3743,1000.);
#2108=VECTOR('',#3744,1000.);
#2109=VECTOR('',#3755,1000.);
#2110=VECTOR('',#3756,1000.);
#2111=VECTOR('',#3759,1000.);
#2112=VECTOR('',#3760,1000.);
#2113=VECTOR('',#3763,1000.);
#2114=VECTOR('',#3764,1000.);
#2115=VECTOR('',#3767,1000.);
#2116=VECTOR('',#3768,1000.);
#2117=VECTOR('',#3777,1000.);
#2118=VECTOR('',#3778,1000.);
#2119=VECTOR('',#3779,1000.);
#2120=VECTOR('',#3780,1000.);
#2121=VECTOR('',#3781,1000.);
#2122=VECTOR('',#3782,1000.);
#2123=VECTOR('',#3783,1000.);
#2124=VECTOR('',#3784,1000.);
#2125=EDGE_LOOP('',(#195,#196,#197,#198));
#2126=EDGE_LOOP('',(#199,#200,#201,#202));
#2127=EDGE_LOOP('',(#203,#204,#205,#206,#207,#208));
#2128=EDGE_LOOP('',(#209));
#2129=EDGE_LOOP('',(#210));
#2130=EDGE_LOOP('',(#211,#212,#213,#214));
#2131=EDGE_LOOP('',(#215,#216,#217,#218));
#2132=EDGE_LOOP('',(#219,#220,#221,#222));
#2133=EDGE_LOOP('',(#223));
#2134=EDGE_LOOP('',(#224));
#2135=EDGE_LOOP('',(#225));
#2136=EDGE_LOOP('',(#226));
#2137=EDGE_LOOP('',(#227,#228,#229,#230,#231));
#2138=EDGE_LOOP('',(#232));
#2139=EDGE_LOOP('',(#233,#234,#235,#236));
#2140=EDGE_LOOP('',(#237,#238,#239,#240,#241));
#2141=EDGE_LOOP('',(#242,#243,#244,#245));
#2142=EDGE_LOOP('',(#246,#247,#248,#249,#250,#251,#252,#253,#254,#255));
#2143=EDGE_LOOP('',(#256,#257,#258,#259,#260,#261,#262,#263,#264,#265,#266,
#267,#268,#269));
#2144=EDGE_LOOP('',(#270,#271,#272,#273,#274,#275,#276,#277,#278,#279,#280,
#281,#282,#283,#284,#285,#286,#287,#288,#289));
#2145=EDGE_LOOP('',(#290,#291,#292,#293,#294,#295,#296,#297,#298,#299,#300,
#301,#302,#303,#304,#305,#306,#307,#308,#309));
#2146=EDGE_LOOP('',(#310,#311,#312,#313,#314,#315,#316,#317,#318,#319));
#2147=EDGE_LOOP('',(#320));
#2148=EDGE_LOOP('',(#321));
#2149=EDGE_LOOP('',(#322,#323,#324,#325));
#2150=EDGE_LOOP('',(#326,#327,#328,#329,#330,#331,#332,#333,#334,#335,#336,
#337,#338,#339));
#2151=EDGE_LOOP('',(#340,#341,#342,#343));
#2152=EDGE_LOOP('',(#344,#345,#346,#347));
#2153=EDGE_LOOP('',(#348,#349,#350,#351));
#2154=EDGE_LOOP('',(#352,#353,#354,#355));
#2155=EDGE_LOOP('',(#356,#357,#358,#359,#360));
#2156=EDGE_LOOP('',(#361));
#2157=EDGE_LOOP('',(#362,#363,#364,#365));
#2158=EDGE_LOOP('',(#366,#367,#368,#369,#370));
#2159=EDGE_LOOP('',(#371,#372,#373,#374));
#2160=EDGE_LOOP('',(#375,#376,#377,#378));
#2161=EDGE_LOOP('',(#379,#380,#381,#382));
#2162=EDGE_LOOP('',(#383,#384,#385,#386));
#2163=EDGE_LOOP('',(#387));
#2164=EDGE_LOOP('',(#388));
#2165=EDGE_LOOP('',(#389));
#2166=EDGE_LOOP('',(#390));
#2167=EDGE_LOOP('',(#391));
#2168=EDGE_LOOP('',(#392));
#2169=EDGE_LOOP('',(#393,#394,#395,#396));
#2170=EDGE_LOOP('',(#397,#398,#399,#400));
#2171=EDGE_LOOP('',(#401,#402,#403,#404));
#2172=EDGE_LOOP('',(#405,#406,#407,#408));
#2173=EDGE_LOOP('',(#409,#410,#411,#412));
#2174=EDGE_LOOP('',(#413,#414,#415,#416));
#2175=EDGE_LOOP('',(#417,#418,#419,#420));
#2176=EDGE_LOOP('',(#421,#422,#423,#424));
#2177=EDGE_LOOP('',(#425,#426,#427,#428));
#2178=EDGE_LOOP('',(#429,#430,#431,#432));
#2179=EDGE_LOOP('',(#433,#434,#435,#436));
#2180=EDGE_LOOP('',(#437,#438,#439,#440,#441,#442));
#2181=EDGE_LOOP('',(#443,#444,#445,#446));
#2182=EDGE_LOOP('',(#447,#448,#449,#450));
#2183=EDGE_LOOP('',(#451,#452,#453,#454));
#2184=EDGE_LOOP('',(#455,#456,#457,#458));
#2185=EDGE_LOOP('',(#459));
#2186=EDGE_LOOP('',(#460,#461,#462,#463));
#2187=EDGE_LOOP('',(#464,#465,#466,#467));
#2188=EDGE_LOOP('',(#468));
#2189=EDGE_LOOP('',(#469,#470,#471,#472));
#2190=EDGE_LOOP('',(#473,#474,#475,#476));
#2191=EDGE_LOOP('',(#477,#478,#479,#480,#481,#482,#483,#484,#485,#486,#487,
#488,#489,#490,#491,#492,#493,#494,#495,#496));
#2192=EDGE_LOOP('',(#497,#498,#499,#500));
#2193=EDGE_LOOP('',(#501,#502,#503,#504,#505,#506,#507,#508,#509,#510,#511,
#512,#513,#514,#515,#516,#517,#518,#519,#520));
#2194=EDGE_LOOP('',(#521,#522,#523,#524));
#2195=EDGE_LOOP('',(#525));
#2196=EDGE_LOOP('',(#526,#527,#528,#529));
#2197=EDGE_LOOP('',(#530));
#2198=EDGE_LOOP('',(#531,#532,#533,#534));
#2199=EDGE_LOOP('',(#535,#536,#537,#538));
#2200=EDGE_LOOP('',(#539,#540,#541,#542));
#2201=EDGE_LOOP('',(#543,#544,#545,#546));
#2202=EDGE_LOOP('',(#547,#548,#549,#550));
#2203=EDGE_LOOP('',(#551,#552,#553,#554));
#2204=EDGE_LOOP('',(#555,#556,#557,#558));
#2205=EDGE_LOOP('',(#559,#560,#561,#562));
#2206=EDGE_LOOP('',(#563,#564,#565,#566));
#2207=EDGE_LOOP('',(#567,#568,#569,#570));
#2208=EDGE_LOOP('',(#571,#572,#573,#574));
#2209=EDGE_LOOP('',(#575,#576,#577,#578));
#2210=EDGE_LOOP('',(#579));
#2211=EDGE_LOOP('',(#580));
#2212=EDGE_LOOP('',(#581));
#2213=EDGE_LOOP('',(#582));
#2214=EDGE_LOOP('',(#583,#584,#585,#586));
#2215=EDGE_LOOP('',(#587,#588,#589,#590));
#2216=EDGE_LOOP('',(#591,#592,#593,#594));
#2217=EDGE_LOOP('',(#595,#596,#597,#598));
#2218=EDGE_LOOP('',(#599,#600,#601,#602));
#2219=EDGE_LOOP('',(#603,#604,#605,#606));
#2220=EDGE_LOOP('',(#607,#608,#609,#610));
#2221=EDGE_LOOP('',(#611,#612,#613,#614));
#2222=EDGE_LOOP('',(#615,#616,#617,#618));
#2223=EDGE_LOOP('',(#619,#620,#621,#622));
#2224=EDGE_LOOP('',(#623,#624,#625,#626));
#2225=EDGE_LOOP('',(#627,#628,#629,#630));
#2226=EDGE_LOOP('',(#631,#632,#633,#634));
#2227=EDGE_LOOP('',(#635,#636,#637,#638));
#2228=EDGE_LOOP('',(#639,#640,#641,#642));
#2229=EDGE_LOOP('',(#643,#644,#645,#646));
#2230=EDGE_LOOP('',(#647,#648,#649,#650));
#2231=EDGE_LOOP('',(#651,#652,#653,#654));
#2232=EDGE_LOOP('',(#655,#656,#657,#658));
#2233=EDGE_LOOP('',(#659,#660,#661,#662));
#2234=EDGE_LOOP('',(#663,#664,#665,#666));
#2235=EDGE_LOOP('',(#667,#668,#669,#670));
#2236=EDGE_LOOP('',(#671));
#2237=EDGE_LOOP('',(#672));
#2238=EDGE_LOOP('',(#673,#674,#675,#676));
#2239=EDGE_LOOP('',(#677,#678,#679,#680));
#2240=EDGE_LOOP('',(#681,#682,#683,#684));
#2241=EDGE_LOOP('',(#685,#686,#687,#688));
#2242=EDGE_LOOP('',(#689,#690,#691,#692));
#2243=EDGE_LOOP('',(#693));
#2244=EDGE_LOOP('',(#694,#695,#696,#697,#698,#699,#700,#701));
#2245=EDGE_LOOP('',(#702,#703,#704,#705,#706,#707,#708,#709));
#2246=EDGE_LOOP('',(#710));
#2247=EDGE_LOOP('',(#711,#712,#713,#714));
#2248=EDGE_LOOP('',(#715,#716,#717,#718));
#2249=EDGE_LOOP('',(#719,#720,#721,#722));
#2250=EDGE_LOOP('',(#723,#724,#725,#726));
#2251=EDGE_LOOP('',(#727,#728,#729,#730));
#2252=EDGE_LOOP('',(#731,#732,#733,#734));
#2253=EDGE_LOOP('',(#735,#736,#737,#738));
#2254=EDGE_LOOP('',(#739,#740,#741,#742));
#2255=EDGE_LOOP('',(#743,#744,#745,#746));
#2256=EDGE_LOOP('',(#747,#748,#749,#750));
#2257=EDGE_LOOP('',(#751,#752,#753,#754,#755,#756));
#2258=EDGE_LOOP('',(#757,#758,#759,#760,#761));
#2259=EDGE_LOOP('',(#762,#763,#764,#765,#766,#767,#768,#769,#770,#771,#772,
#773,#774,#775));
#2260=EDGE_LOOP('',(#776,#777,#778,#779,#780,#781,#782,#783));
#2261=EDGE_LOOP('',(#784,#785,#786,#787,#788,#789,#790,#791));
#2262=EDGE_LOOP('',(#792,#793,#794,#795,#796));
#2263=EDGE_LOOP('',(#797,#798,#799,#800));
#2264=EDGE_LOOP('',(#801,#802,#803,#804));
#2265=EDGE_LOOP('',(#805,#806,#807,#808,#809,#810,#811,#812,#813,#814,#815,
#816,#817,#818));
#2266=EDGE_LOOP('',(#819));
#2267=EDGE_LOOP('',(#820,#821,#822,#823,#824,#825,#826,#827));
#2268=EDGE_LOOP('',(#828));
#2269=EDGE_LOOP('',(#829));
#2270=EDGE_LOOP('',(#830));
#2271=EDGE_LOOP('',(#831));
#2272=EDGE_LOOP('',(#832,#833,#834,#835,#836));
#2273=EDGE_LOOP('',(#837,#838,#839,#840,#841));
#2274=EDGE_LOOP('',(#842,#843,#844,#845,#846,#847));
#2275=EDGE_LOOP('',(#848,#849,#850,#851));
#2276=EDGE_LOOP('',(#852,#853,#854,#855));
#2277=EDGE_LOOP('',(#856,#857,#858,#859));
#2278=EDGE_LOOP('',(#860,#861,#862,#863));
#2279=EDGE_LOOP('',(#864));
#2280=EDGE_LOOP('',(#865));
#2281=EDGE_LOOP('',(#866,#867,#868,#869,#870,#871,#872,#873,#874,#875,#876,
#877,#878,#879,#880,#881));
#2282=EDGE_LOOP('',(#882,#883,#884,#885));
#2283=EDGE_LOOP('',(#886,#887,#888,#889));
#2284=EDGE_LOOP('',(#890));
#2285=EDGE_LOOP('',(#891));
#2286=EDGE_LOOP('',(#892,#893,#894,#895));
#2287=EDGE_LOOP('',(#896,#897,#898,#899));
#2288=EDGE_LOOP('',(#900,#901,#902,#903));
#2289=EDGE_LOOP('',(#904,#905,#906,#907));
#2290=EDGE_LOOP('',(#908,#909,#910,#911));
#2291=EDGE_LOOP('',(#912,#913,#914,#915));
#2292=EDGE_LOOP('',(#916,#917,#918,#919));
#2293=EDGE_LOOP('',(#920,#921,#922,#923));
#2294=EDGE_LOOP('',(#924,#925,#926,#927));
#2295=EDGE_LOOP('',(#928,#929,#930,#931));
#2296=EDGE_LOOP('',(#932));
#2297=EDGE_LOOP('',(#933));
#2298=EDGE_LOOP('',(#934));
#2299=EDGE_LOOP('',(#935));
#2300=EDGE_LOOP('',(#936));
#2301=EDGE_LOOP('',(#937));
#2302=EDGE_LOOP('',(#938));
#2303=EDGE_LOOP('',(#939,#940,#941,#942));
#2304=EDGE_LOOP('',(#943,#944,#945,#946));
#2305=FACE_BOUND('',#2125,.T.);
#2306=FACE_BOUND('',#2126,.T.);
#2307=FACE_BOUND('',#2127,.T.);
#2308=FACE_BOUND('',#2128,.T.);
#2309=FACE_BOUND('',#2129,.T.);
#2310=FACE_BOUND('',#2130,.T.);
#2311=FACE_BOUND('',#2131,.T.);
#2312=FACE_BOUND('',#2132,.T.);
#2313=FACE_BOUND('',#2133,.T.);
#2314=FACE_BOUND('',#2134,.T.);
#2315=FACE_BOUND('',#2135,.T.);
#2316=FACE_BOUND('',#2136,.T.);
#2317=FACE_BOUND('',#2137,.T.);
#2318=FACE_BOUND('',#2138,.T.);
#2319=FACE_BOUND('',#2139,.T.);
#2320=FACE_BOUND('',#2140,.T.);
#2321=FACE_BOUND('',#2141,.T.);
#2322=FACE_BOUND('',#2142,.T.);
#2323=FACE_BOUND('',#2143,.T.);
#2324=FACE_BOUND('',#2144,.T.);
#2325=FACE_BOUND('',#2145,.T.);
#2326=FACE_BOUND('',#2146,.T.);
#2327=FACE_BOUND('',#2147,.T.);
#2328=FACE_BOUND('',#2148,.T.);
#2329=FACE_BOUND('',#2149,.T.);
#2330=FACE_BOUND('',#2150,.T.);
#2331=FACE_BOUND('',#2151,.T.);
#2332=FACE_BOUND('',#2152,.T.);
#2333=FACE_BOUND('',#2153,.T.);
#2334=FACE_BOUND('',#2154,.T.);
#2335=FACE_BOUND('',#2155,.T.);
#2336=FACE_BOUND('',#2156,.T.);
#2337=FACE_BOUND('',#2157,.T.);
#2338=FACE_BOUND('',#2158,.T.);
#2339=FACE_BOUND('',#2159,.T.);
#2340=FACE_BOUND('',#2160,.T.);
#2341=FACE_BOUND('',#2161,.T.);
#2342=FACE_BOUND('',#2162,.T.);
#2343=FACE_BOUND('',#2163,.T.);
#2344=FACE_BOUND('',#2164,.T.);
#2345=FACE_BOUND('',#2165,.T.);
#2346=FACE_BOUND('',#2166,.T.);
#2347=FACE_BOUND('',#2167,.T.);
#2348=FACE_BOUND('',#2168,.T.);
#2349=FACE_BOUND('',#2169,.T.);
#2350=FACE_BOUND('',#2170,.T.);
#2351=FACE_BOUND('',#2171,.T.);
#2352=FACE_BOUND('',#2172,.T.);
#2353=FACE_BOUND('',#2173,.T.);
#2354=FACE_BOUND('',#2174,.T.);
#2355=FACE_BOUND('',#2175,.T.);
#2356=FACE_BOUND('',#2176,.T.);
#2357=FACE_BOUND('',#2177,.T.);
#2358=FACE_BOUND('',#2178,.T.);
#2359=FACE_BOUND('',#2179,.T.);
#2360=FACE_BOUND('',#2180,.T.);
#2361=FACE_BOUND('',#2181,.T.);
#2362=FACE_BOUND('',#2182,.T.);
#2363=FACE_BOUND('',#2183,.T.);
#2364=FACE_BOUND('',#2184,.T.);
#2365=FACE_BOUND('',#2185,.T.);
#2366=FACE_BOUND('',#2186,.T.);
#2367=FACE_BOUND('',#2187,.T.);
#2368=FACE_BOUND('',#2188,.T.);
#2369=FACE_BOUND('',#2189,.T.);
#2370=FACE_BOUND('',#2190,.T.);
#2371=FACE_BOUND('',#2191,.T.);
#2372=FACE_BOUND('',#2192,.T.);
#2373=FACE_BOUND('',#2193,.T.);
#2374=FACE_BOUND('',#2194,.T.);
#2375=FACE_BOUND('',#2195,.T.);
#2376=FACE_BOUND('',#2196,.T.);
#2377=FACE_BOUND('',#2197,.T.);
#2378=FACE_BOUND('',#2198,.T.);
#2379=FACE_BOUND('',#2199,.T.);
#2380=FACE_BOUND('',#2200,.T.);
#2381=FACE_BOUND('',#2201,.T.);
#2382=FACE_BOUND('',#2202,.T.);
#2383=FACE_BOUND('',#2203,.T.);
#2384=FACE_BOUND('',#2204,.T.);
#2385=FACE_BOUND('',#2205,.T.);
#2386=FACE_BOUND('',#2206,.T.);
#2387=FACE_BOUND('',#2207,.T.);
#2388=FACE_BOUND('',#2208,.T.);
#2389=FACE_BOUND('',#2209,.T.);
#2390=FACE_BOUND('',#2210,.T.);
#2391=FACE_BOUND('',#2211,.T.);
#2392=FACE_BOUND('',#2212,.T.);
#2393=FACE_BOUND('',#2213,.T.);
#2394=FACE_BOUND('',#2214,.T.);
#2395=FACE_BOUND('',#2215,.T.);
#2396=FACE_BOUND('',#2216,.T.);
#2397=FACE_BOUND('',#2217,.T.);
#2398=FACE_BOUND('',#2218,.T.);
#2399=FACE_BOUND('',#2219,.T.);
#2400=FACE_BOUND('',#2220,.T.);
#2401=FACE_BOUND('',#2221,.T.);
#2402=FACE_BOUND('',#2222,.T.);
#2403=FACE_BOUND('',#2223,.T.);
#2404=FACE_BOUND('',#2224,.T.);
#2405=FACE_BOUND('',#2225,.T.);
#2406=FACE_BOUND('',#2226,.T.);
#2407=FACE_BOUND('',#2227,.T.);
#2408=FACE_BOUND('',#2228,.T.);
#2409=FACE_BOUND('',#2229,.T.);
#2410=FACE_BOUND('',#2230,.T.);
#2411=FACE_BOUND('',#2231,.T.);
#2412=FACE_BOUND('',#2232,.T.);
#2413=FACE_BOUND('',#2233,.T.);
#2414=FACE_BOUND('',#2234,.T.);
#2415=FACE_BOUND('',#2235,.T.);
#2416=FACE_BOUND('',#2236,.T.);
#2417=FACE_BOUND('',#2237,.T.);
#2418=FACE_BOUND('',#2238,.T.);
#2419=FACE_BOUND('',#2239,.T.);
#2420=FACE_BOUND('',#2240,.T.);
#2421=FACE_BOUND('',#2241,.T.);
#2422=FACE_BOUND('',#2242,.T.);
#2423=FACE_BOUND('',#2243,.T.);
#2424=FACE_BOUND('',#2244,.T.);
#2425=FACE_BOUND('',#2245,.T.);
#2426=FACE_BOUND('',#2246,.T.);
#2427=FACE_BOUND('',#2247,.T.);
#2428=FACE_BOUND('',#2248,.T.);
#2429=FACE_BOUND('',#2249,.T.);
#2430=FACE_BOUND('',#2250,.T.);
#2431=FACE_BOUND('',#2251,.T.);
#2432=FACE_BOUND('',#2252,.T.);
#2433=FACE_BOUND('',#2253,.T.);
#2434=FACE_BOUND('',#2254,.T.);
#2435=FACE_BOUND('',#2255,.T.);
#2436=FACE_BOUND('',#2256,.T.);
#2437=FACE_BOUND('',#2257,.T.);
#2438=FACE_BOUND('',#2258,.T.);
#2439=FACE_BOUND('',#2259,.T.);
#2440=FACE_BOUND('',#2260,.T.);
#2441=FACE_BOUND('',#2261,.T.);
#2442=FACE_BOUND('',#2262,.T.);
#2443=FACE_BOUND('',#2263,.T.);
#2444=FACE_BOUND('',#2264,.T.);
#2445=FACE_BOUND('',#2265,.T.);
#2446=FACE_BOUND('',#2266,.T.);
#2447=FACE_BOUND('',#2267,.T.);
#2448=FACE_BOUND('',#2268,.T.);
#2449=FACE_BOUND('',#2269,.T.);
#2450=FACE_BOUND('',#2270,.T.);
#2451=FACE_BOUND('',#2271,.T.);
#2452=FACE_BOUND('',#2272,.T.);
#2453=FACE_BOUND('',#2273,.T.);
#2454=FACE_BOUND('',#2274,.T.);
#2455=FACE_BOUND('',#2275,.T.);
#2456=FACE_BOUND('',#2276,.T.);
#2457=FACE_BOUND('',#2277,.T.);
#2458=FACE_BOUND('',#2278,.T.);
#2459=FACE_BOUND('',#2279,.T.);
#2460=FACE_BOUND('',#2280,.T.);
#2461=FACE_BOUND('',#2281,.T.);
#2462=FACE_BOUND('',#2282,.T.);
#2463=FACE_BOUND('',#2283,.T.);
#2464=FACE_BOUND('',#2284,.T.);
#2465=FACE_BOUND('',#2285,.T.);
#2466=FACE_BOUND('',#2286,.T.);
#2467=FACE_BOUND('',#2287,.T.);
#2468=FACE_BOUND('',#2288,.T.);
#2469=FACE_BOUND('',#2289,.T.);
#2470=FACE_BOUND('',#2290,.T.);
#2471=FACE_BOUND('',#2291,.T.);
#2472=FACE_BOUND('',#2292,.T.);
#2473=FACE_BOUND('',#2293,.T.);
#2474=FACE_BOUND('',#2294,.T.);
#2475=FACE_BOUND('',#2295,.T.);
#2476=FACE_BOUND('',#2296,.T.);
#2477=FACE_BOUND('',#2297,.T.);
#2478=FACE_BOUND('',#2298,.T.);
#2479=FACE_BOUND('',#2299,.T.);
#2480=FACE_BOUND('',#2300,.T.);
#2481=FACE_BOUND('',#2301,.T.);
#2482=FACE_BOUND('',#2302,.T.);
#2483=FACE_BOUND('',#2303,.T.);
#2484=FACE_BOUND('',#2304,.T.);
#2485=PLANE('',#2795);
#2486=PLANE('',#2796);
#2487=PLANE('',#2797);
#2488=PLANE('',#2801);
#2489=PLANE('',#2802);
#2490=PLANE('',#2803);
#2491=PLANE('',#2807);
#2492=PLANE('',#2808);
#2493=PLANE('',#2809);
#2494=PLANE('',#2810);
#2495=PLANE('',#2811);
#2496=PLANE('',#2812);
#2497=PLANE('',#2813);
#2498=PLANE('',#2817);
#2499=PLANE('',#2818);
#2500=PLANE('',#2819);
#2501=PLANE('',#2820);
#2502=PLANE('',#2822);
#2503=PLANE('',#2826);
#2504=PLANE('',#2827);
#2505=PLANE('',#2828);
#2506=PLANE('',#2829);
#2507=PLANE('',#2830);
#2508=PLANE('',#2831);
#2509=PLANE('',#2833);
#2510=PLANE('',#2834);
#2511=PLANE('',#2835);
#2512=PLANE('',#2836);
#2513=PLANE('',#2837);
#2514=PLANE('',#2840);
#2515=PLANE('',#2843);
#2516=PLANE('',#2844);
#2517=PLANE('',#2845);
#2518=PLANE('',#2846);
#2519=PLANE('',#2847);
#2520=PLANE('',#2848);
#2521=PLANE('',#2849);
#2522=PLANE('',#2850);
#2523=PLANE('',#2854);
#2524=PLANE('',#2855);
#2525=PLANE('',#2856);
#2526=PLANE('',#2858);
#2527=PLANE('',#2859);
#2528=PLANE('',#2861);
#2529=PLANE('',#2862);
#2530=PLANE('',#2864);
#2531=PLANE('',#2865);
#2532=PLANE('',#2874);
#2533=PLANE('',#2875);
#2534=PLANE('',#2884);
#2535=PLANE('',#2885);
#2536=PLANE('',#2887);
#2537=PLANE('',#2889);
#2538=PLANE('',#2890);
#2539=PLANE('',#2891);
#2540=PLANE('',#2902);
#2541=PLANE('',#2903);
#2542=PLANE('',#2905);
#2543=PLANE('',#2906);
#2544=PLANE('',#2910);
#2545=PLANE('',#2911);
#2546=PLANE('',#2912);
#2547=PLANE('',#2913);
#2548=PLANE('',#2914);
#2549=PLANE('',#2915);
#2550=PLANE('',#2920);
#2551=PLANE('',#2923);
#2552=PLANE('',#2924);
#2553=PLANE('',#2925);
#2554=PLANE('',#2926);
#2555=PLANE('',#2930);
#2556=PLANE('',#2934);
#2557=PLANE('',#2938);
#2558=PLANE('',#2939);
#2559=PLANE('',#2940);
#2560=PLANE('',#2941);
#2561=PLANE('',#2942);
#2562=PLANE('',#2943);
#2563=PLANE('',#2944);
#2564=PLANE('',#2945);
#2565=PLANE('',#2946);
#2566=PLANE('',#2947);
#2567=PLANE('',#2950);
#2568=PLANE('',#2955);
#2569=PLANE('',#2956);
#2570=PLANE('',#2957);
#2571=PLANE('',#2958);
#2572=PLANE('',#2960);
#2573=PLANE('',#2965);
#2574=PLANE('',#2966);
#2575=PLANE('',#2976);
#2576=PLANE('',#2982);
#2577=PLANE('',#2988);
#2578=PLANE('',#2989);
#2579=PLANE('',#2990);
#2580=PLANE('',#2991);
#2581=PLANE('',#3006);
#2582=PLANE('',#3010);
#2583=PLANE('',#3011);
#2584=PLANE('',#3012);
#2585=PLANE('',#3016);
#2586=PLANE('',#3017);
#2587=PLANE('',#3018);
#2588=PLANE('',#3019);
#2589=PLANE('',#3020);
#2590=PLANE('',#3040);
#2591=PLANE('',#3041);
#2592=ADVANCED_FACE('',(#2305),#2485,.F.);
#2593=ADVANCED_FACE('',(#2306),#2486,.F.);
#2594=ADVANCED_FACE('',(#2307),#2487,.F.);
#2595=ADVANCED_FACE('',(#2308,#2309),#154,.F.);
#2596=ADVANCED_FACE('',(#2310),#2488,.T.);
#2597=ADVANCED_FACE('',(#2311),#2489,.T.);
#2598=ADVANCED_FACE('',(#2312),#2490,.T.);
#2599=ADVANCED_FACE('',(#2313,#2314),#155,.F.);
#2600=ADVANCED_FACE('',(#2315,#2316),#2491,.F.);
#2601=ADVANCED_FACE('',(#2317),#2492,.F.);
#2602=ADVANCED_FACE('',(#2318,#2319),#2493,.F.);
#2603=ADVANCED_FACE('',(#2320),#2494,.F.);
#2604=ADVANCED_FACE('',(#2321),#2495,.T.);
#2605=ADVANCED_FACE('',(#2322),#2496,.F.);
#2606=ADVANCED_FACE('',(#2323),#2497,.F.);
#2607=ADVANCED_FACE('',(#2324),#2498,.F.);
#2608=ADVANCED_FACE('',(#2325),#2499,.F.);
#2609=ADVANCED_FACE('',(#2326),#2500,.F.);
#2610=ADVANCED_FACE('',(#2327,#2328,#2329),#2501,.T.);
#2611=ADVANCED_FACE('',(#2330),#2502,.F.);
#2612=ADVANCED_FACE('',(#2331),#2503,.F.);
#2613=ADVANCED_FACE('',(#2332),#2504,.T.);
#2614=ADVANCED_FACE('',(#2333),#2505,.T.);
#2615=ADVANCED_FACE('',(#2334),#2506,.T.);
#2616=ADVANCED_FACE('',(#2335),#2507,.F.);
#2617=ADVANCED_FACE('',(#2336,#2337),#2508,.F.);
#2618=ADVANCED_FACE('',(#2338),#2509,.F.);
#2619=ADVANCED_FACE('',(#2339),#2510,.T.);
#2620=ADVANCED_FACE('',(#2340),#2511,.T.);
#2621=ADVANCED_FACE('',(#2341),#2512,.T.);
#2622=ADVANCED_FACE('',(#2342),#2513,.T.);
#2623=ADVANCED_FACE('',(#2343,#2344),#156,.F.);
#2624=ADVANCED_FACE('',(#2345,#2346),#2514,.F.);
#2625=ADVANCED_FACE('',(#2347,#2348),#157,.F.);
#2626=ADVANCED_FACE('',(#2349),#2515,.F.);
#2627=ADVANCED_FACE('',(#2350),#2516,.F.);
#2628=ADVANCED_FACE('',(#2351),#2517,.F.);
#2629=ADVANCED_FACE('',(#2352),#2518,.T.);
#2630=ADVANCED_FACE('',(#2353),#2519,.F.);
#2631=ADVANCED_FACE('',(#2354),#2520,.F.);
#2632=ADVANCED_FACE('',(#2355),#2521,.F.);
#2633=ADVANCED_FACE('',(#2356),#2522,.F.);
#2634=ADVANCED_FACE('',(#2357),#158,.T.);
#2635=ADVANCED_FACE('',(#2358),#159,.T.);
#2636=ADVANCED_FACE('',(#2359),#160,.T.);
#2637=ADVANCED_FACE('',(#2360),#2523,.F.);
#2638=ADVANCED_FACE('',(#2361),#2524,.F.);
#2639=ADVANCED_FACE('',(#2362),#2525,.F.);
#2640=ADVANCED_FACE('',(#2363,#2364),#2526,.F.);
#2641=ADVANCED_FACE('',(#2365,#2366),#2527,.F.);
#2642=ADVANCED_FACE('',(#2367),#2528,.F.);
#2643=ADVANCED_FACE('',(#2368,#2369),#2529,.F.);
#2644=ADVANCED_FACE('',(#2370),#2530,.F.);
#2645=ADVANCED_FACE('',(#2371),#2531,.F.);
#2646=ADVANCED_FACE('',(#2372),#2532,.F.);
#2647=ADVANCED_FACE('',(#2373),#2533,.F.);
#2648=ADVANCED_FACE('',(#2374),#2534,.F.);
#2649=ADVANCED_FACE('',(#2375,#2376),#2535,.T.);
#2650=ADVANCED_FACE('',(#2377,#2378),#2536,.F.);
#2651=ADVANCED_FACE('',(#2379),#2537,.F.);
#2652=ADVANCED_FACE('',(#2380),#2538,.F.);
#2653=ADVANCED_FACE('',(#2381),#2539,.F.);
#2654=ADVANCED_FACE('',(#2382),#161,.F.);
#2655=ADVANCED_FACE('',(#2383),#162,.F.);
#2656=ADVANCED_FACE('',(#2384),#163,.F.);
#2657=ADVANCED_FACE('',(#2385),#164,.F.);
#2658=ADVANCED_FACE('',(#2386),#165,.T.);
#2659=ADVANCED_FACE('',(#2387),#166,.T.);
#2660=ADVANCED_FACE('',(#2388),#167,.T.);
#2661=ADVANCED_FACE('',(#2389),#168,.T.);
#2662=ADVANCED_FACE('',(#2390,#2391),#169,.F.);
#2663=ADVANCED_FACE('',(#2392,#2393),#170,.F.);
#2664=ADVANCED_FACE('',(#2394),#2540,.F.);
#2665=ADVANCED_FACE('',(#2395),#2541,.F.);
#2666=ADVANCED_FACE('',(#2396),#2542,.F.);
#2667=ADVANCED_FACE('',(#2397),#2543,.F.);
#2668=ADVANCED_FACE('',(#2398),#171,.T.);
#2669=ADVANCED_FACE('',(#2399),#2544,.T.);
#2670=ADVANCED_FACE('',(#2400),#2545,.T.);
#2671=ADVANCED_FACE('',(#2401),#2546,.T.);
#2672=ADVANCED_FACE('',(#2402),#2547,.F.);
#2673=ADVANCED_FACE('',(#2403),#2548,.F.);
#2674=ADVANCED_FACE('',(#2404),#2549,.F.);
#2675=ADVANCED_FACE('',(#2405),#172,.F.);
#2676=ADVANCED_FACE('',(#2406),#2550,.T.);
#2677=ADVANCED_FACE('',(#2407),#173,.T.);
#2678=ADVANCED_FACE('',(#2408),#2551,.T.);
#2679=ADVANCED_FACE('',(#2409),#2552,.F.);
#2680=ADVANCED_FACE('',(#2410),#2553,.F.);
#2681=ADVANCED_FACE('',(#2411),#2554,.T.);
#2682=ADVANCED_FACE('',(#2412),#174,.T.);
#2683=ADVANCED_FACE('',(#2413),#2555,.F.);
#2684=ADVANCED_FACE('',(#2414),#175,.F.);
#2685=ADVANCED_FACE('',(#2415),#2556,.T.);
#2686=ADVANCED_FACE('',(#2416,#2417),#176,.F.);
#2687=ADVANCED_FACE('',(#2418),#2557,.T.);
#2688=ADVANCED_FACE('',(#2419),#2558,.F.);
#2689=ADVANCED_FACE('',(#2420),#2559,.F.);
#2690=ADVANCED_FACE('',(#2421),#2560,.F.);
#2691=ADVANCED_FACE('',(#2422),#2561,.F.);
#2692=ADVANCED_FACE('',(#2423,#2424),#2562,.F.);
#2693=ADVANCED_FACE('',(#2425,#2426),#2563,.T.);
#2694=ADVANCED_FACE('',(#2427),#2564,.F.);
#2695=ADVANCED_FACE('',(#2428),#2565,.F.);
#2696=ADVANCED_FACE('',(#2429),#2566,.T.);
#2697=ADVANCED_FACE('',(#2430),#2567,.F.);
#2698=ADVANCED_FACE('',(#2431),#177,.T.);
#2699=ADVANCED_FACE('',(#2432),#178,.F.);
#2700=ADVANCED_FACE('',(#2433),#2568,.F.);
#2701=ADVANCED_FACE('',(#2434),#2569,.T.);
#2702=ADVANCED_FACE('',(#2435),#2570,.T.);
#2703=ADVANCED_FACE('',(#2436),#2571,.F.);
#2704=ADVANCED_FACE('',(#2437),#2572,.T.);
#2705=ADVANCED_FACE('',(#2438),#2573,.F.);
#2706=ADVANCED_FACE('',(#2439),#2574,.F.);
#2707=ADVANCED_FACE('',(#2440),#2575,.T.);
#2708=ADVANCED_FACE('',(#2441),#2576,.T.);
#2709=ADVANCED_FACE('',(#2442),#2577,.F.);
#2710=ADVANCED_FACE('',(#2443),#2578,.F.);
#2711=ADVANCED_FACE('',(#2444),#2579,.F.);
#2712=ADVANCED_FACE('',(#2445),#2580,.F.);
#2713=ADVANCED_FACE('',(#2446,#2447),#179,.T.);
#2714=ADVANCED_FACE('',(#2448,#2449),#2581,.T.);
#2715=ADVANCED_FACE('',(#2450,#2451),#180,.T.);
#2716=ADVANCED_FACE('',(#2452),#2582,.F.);
#2717=ADVANCED_FACE('',(#2453),#2583,.F.);
#2718=ADVANCED_FACE('',(#2454),#2584,.T.);
#2719=ADVANCED_FACE('',(#2455),#2585,.F.);
#2720=ADVANCED_FACE('',(#2456),#2586,.F.);
#2721=ADVANCED_FACE('',(#2457),#2587,.F.);
#2722=ADVANCED_FACE('',(#2458),#2588,.F.);
#2723=ADVANCED_FACE('',(#2459),#2589,.F.);
#2724=ADVANCED_FACE('',(#2460,#2461),#181,.F.);
#2725=ADVANCED_FACE('',(#2462),#182,.F.);
#2726=ADVANCED_FACE('',(#2463),#183,.F.);
#2727=ADVANCED_FACE('',(#2464,#2465),#19,.F.);
#2728=ADVANCED_FACE('',(#2466),#184,.T.);
#2729=ADVANCED_FACE('',(#2467),#185,.T.);
#2730=ADVANCED_FACE('',(#2468),#186,.T.);
#2731=ADVANCED_FACE('',(#2469),#187,.T.);
#2732=ADVANCED_FACE('',(#2470),#188,.T.);
#2733=ADVANCED_FACE('',(#2471),#189,.T.);
#2734=ADVANCED_FACE('',(#2472),#190,.T.);
#2735=ADVANCED_FACE('',(#2473),#191,.T.);
#2736=ADVANCED_FACE('',(#2474),#192,.F.);
#2737=ADVANCED_FACE('',(#2475),#193,.F.);
#2738=ADVANCED_FACE('',(#2476,#2477),#194,.T.);
#2739=ADVANCED_FACE('',(#2478,#2479),#2590,.F.);
#2740=ADVANCED_FACE('',(#2480),#2591,.F.);
#2741=ADVANCED_FACE('',(#2481,#2482),#18,.T.);
#2742=ADVANCED_FACE('',(#2483),#20,.T.);
#2743=ADVANCED_FACE('',(#2484),#21,.T.);
#2744=CLOSED_SHELL('',(#2592,#2593,#2594,#2595,#2596,#2597,#2598,#2599,
#2600,#2601,#2602,#2603,#2604,#2605,#2606,#2607,#2608,#2609,#2610,#2611,
#2612,#2613,#2614,#2615,#2616,#2617,#2618,#2619,#2620,#2621,#2622,#2623,
#2624,#2625,#2626,#2627,#2628,#2629,#2630,#2631,#2632,#2633,#2634,#2635,
#2636,#2637,#2638,#2639));
#2745=CLOSED_SHELL('',(#2640,#2641,#2642,#2643,#2644,#2645,#2646,#2647,
#2648,#2649,#2650,#2651,#2652,#2653,#2654,#2655,#2656,#2657,#2658,#2659,
#2660,#2661,#2662,#2663,#2664,#2665,#2666,#2667,#2668));
#2746=CLOSED_SHELL('',(#2669,#2670,#2671,#2672,#2673,#2674,#2675,#2676,
#2677,#2678,#2679,#2680,#2681,#2682,#2683,#2684,#2685,#2686,#2687,#2688,
#2689,#2690,#2691,#2692,#2693,#2694,#2695,#2696,#2697,#2698,#2699,#2700,
#2701,#2702,#2703));
#2747=CLOSED_SHELL('',(#2704,#2705,#2706,#2707,#2708,#2709,#2710,#2711,
#2712,#2713,#2714,#2715,#2716,#2717,#2718,#2719,#2720,#2721,#2722,#2723,
#2724,#2725,#2726,#2727,#2728,#2729,#2730,#2731,#2732,#2733,#2734,#2735,
#2736,#2737,#2738,#2739,#2740,#2741,#2742,#2743));
#2748=STYLED_ITEM('',(#2752),#2778);
#2749=STYLED_ITEM('',(#2753),#2779);
#2750=STYLED_ITEM('',(#2754),#2780);
#2751=STYLED_ITEM('',(#2755),#2781);
#2752=PRESENTATION_STYLE_ASSIGNMENT((#2756));
#2753=PRESENTATION_STYLE_ASSIGNMENT((#2757));
#2754=PRESENTATION_STYLE_ASSIGNMENT((#2758));
#2755=PRESENTATION_STYLE_ASSIGNMENT((#2759));
#2756=SURFACE_STYLE_USAGE(.BOTH.,#2760);
#2757=SURFACE_STYLE_USAGE(.BOTH.,#2761);
#2758=SURFACE_STYLE_USAGE(.BOTH.,#2762);
#2759=SURFACE_STYLE_USAGE(.BOTH.,#2763);
#2760=SURFACE_SIDE_STYLE('',(#2764));
#2761=SURFACE_SIDE_STYLE('',(#2765));
#2762=SURFACE_SIDE_STYLE('',(#2766));
#2763=SURFACE_SIDE_STYLE('',(#2767));
#2764=SURFACE_STYLE_FILL_AREA(#2768);
#2765=SURFACE_STYLE_FILL_AREA(#2769);
#2766=SURFACE_STYLE_FILL_AREA(#2770);
#2767=SURFACE_STYLE_FILL_AREA(#2771);
#2768=FILL_AREA_STYLE('',(#2772));
#2769=FILL_AREA_STYLE('',(#2773));
#2770=FILL_AREA_STYLE('',(#2774));
#2771=FILL_AREA_STYLE('',(#2775));
#2772=FILL_AREA_STYLE_COLOUR('',#2776);
#2773=FILL_AREA_STYLE_COLOUR('',#2777);
#2774=FILL_AREA_STYLE_COLOUR('',#2777);
#2775=FILL_AREA_STYLE_COLOUR('',#2777);
#2776=COLOUR_RGB('',0.,0.5,0.);
#2777=COLOUR_RGB('',0.699999988079071,0.699999988079071,0.699999988079071);
#2778=MANIFOLD_SOLID_BREP('',#2744);
#2779=MANIFOLD_SOLID_BREP('',#2745);
#2780=MANIFOLD_SOLID_BREP('',#2746);
#2781=MANIFOLD_SOLID_BREP('',#2747);
#2782=SHAPE_DEFINITION_REPRESENTATION(#4649,#2788);
#2783=SHAPE_DEFINITION_REPRESENTATION(#4648,#2789);
#2784=SHAPE_DEFINITION_REPRESENTATION(#4652,#2790);
#2785=SHAPE_DEFINITION_REPRESENTATION(#4651,#2791);
#2786=SHAPE_DEFINITION_REPRESENTATION(#4654,#2792);
#2787=SHAPE_DEFINITION_REPRESENTATION(#4656,#2793);
#2788=SHAPE_REPRESENTATION('KLS2-126-5.0-02P_body',(#2794),#4634);
#2789=SHAPE_REPRESENTATION('KLS2-126-02P',(#2794,#2857,#3047,#3048),#4633);
#2790=SHAPE_REPRESENTATION('KLS2-126_pin_body',(#2794),#4636);
#2791=SHAPE_REPRESENTATION('KLS2-126_pin',(#2794,#2909,#2959,#3046),#4635);
#2792=SHAPE_REPRESENTATION('KLS2-126_spring',(#2794),#4637);
#2793=SHAPE_REPRESENTATION('KLS2-126_screw_S',(#2794),#4638);
#2794=AXIS2_PLACEMENT_3D('',#3835,#3049,#3050);
#2795=AXIS2_PLACEMENT_3D('',#3836,#3051,#3052);
#2796=AXIS2_PLACEMENT_3D('',#3845,#3057,#3058);
#2797=AXIS2_PLACEMENT_3D('',#3854,#3063,#3064);
#2798=AXIS2_PLACEMENT_3D('',#3861,#3069,#3070);
#2799=AXIS2_PLACEMENT_3D('',#3862,#3071,#3072);
#2800=AXIS2_PLACEMENT_3D('',#3864,#3073,#3074);
#2801=AXIS2_PLACEMENT_3D('',#3866,#3075,#3076);
#2802=AXIS2_PLACEMENT_3D('',#3875,#3081,#3082);
#2803=AXIS2_PLACEMENT_3D('',#3881,#3086,#3087);
#2804=AXIS2_PLACEMENT_3D('',#3887,#3091,#3092);
#2805=AXIS2_PLACEMENT_3D('',#3888,#3093,#3094);
#2806=AXIS2_PLACEMENT_3D('',#3890,#3095,#3096);
#2807=AXIS2_PLACEMENT_3D('',#3892,#3097,#3098);
#2808=AXIS2_PLACEMENT_3D('',#3893,#3099,#3100);
#2809=AXIS2_PLACEMENT_3D('',#3899,#3104,#3105);
#2810=AXIS2_PLACEMENT_3D('',#3903,#3108,#3109);
#2811=AXIS2_PLACEMENT_3D('',#3907,#3112,#3113);
#2812=AXIS2_PLACEMENT_3D('',#3909,#3115,#3116);
#2813=AXIS2_PLACEMENT_3D('',#3912,#3119,#3120);
#2814=AXIS2_PLACEMENT_3D('',#3916,#3122,#3123);
#2815=AXIS2_PLACEMENT_3D('',#3934,#3132,#3133);
#2816=AXIS2_PLACEMENT_3D('',#3938,#3135,#3136);
#2817=AXIS2_PLACEMENT_3D('',#3941,#3138,#3139);
#2818=AXIS2_PLACEMENT_3D('',#3964,#3152,#3153);
#2819=AXIS2_PLACEMENT_3D('',#3986,#3166,#3167);
#2820=AXIS2_PLACEMENT_3D('',#4001,#3176,#3177);
#2821=AXIS2_PLACEMENT_3D('',#4002,#3178,#3179);
#2822=AXIS2_PLACEMENT_3D('',#4009,#3183,#3184);
#2823=AXIS2_PLACEMENT_3D('',#4012,#3186,#3187);
#2824=AXIS2_PLACEMENT_3D('',#4018,#3190,#3191);
#2825=AXIS2_PLACEMENT_3D('',#4019,#3192,#3193);
#2826=AXIS2_PLACEMENT_3D('',#4027,#3198,#3199);
#2827=AXIS2_PLACEMENT_3D('',#4029,#3201,#3202);
#2828=AXIS2_PLACEMENT_3D('',#4031,#3204,#3205);
#2829=AXIS2_PLACEMENT_3D('',#4034,#3208,#3209);
#2830=AXIS2_PLACEMENT_3D('',#4036,#3211,#3212);
#2831=AXIS2_PLACEMENT_3D('',#4044,#3217,#3218);
#2832=AXIS2_PLACEMENT_3D('',#4045,#3219,#3220);
#2833=AXIS2_PLACEMENT_3D('',#4052,#3224,#3225);
#2834=AXIS2_PLACEMENT_3D('',#4057,#3229,#3230);
#2835=AXIS2_PLACEMENT_3D('',#4058,#3231,#3232);
#2836=AXIS2_PLACEMENT_3D('',#4061,#3235,#3236);
#2837=AXIS2_PLACEMENT_3D('',#4062,#3237,#3238);
#2838=AXIS2_PLACEMENT_3D('',#4063,#3239,#3240);
#2839=AXIS2_PLACEMENT_3D('',#4064,#3241,#3242);
#2840=AXIS2_PLACEMENT_3D('',#4066,#3243,#3244);
#2841=AXIS2_PLACEMENT_3D('',#4067,#3245,#3246);
#2842=AXIS2_PLACEMENT_3D('',#4069,#3247,#3248);
#2843=AXIS2_PLACEMENT_3D('',#4070,#3249,#3250);
#2844=AXIS2_PLACEMENT_3D('',#4076,#3254,#3255);
#2845=AXIS2_PLACEMENT_3D('',#4078,#3257,#3258);
#2846=AXIS2_PLACEMENT_3D('',#4080,#3260,#3261);
#2847=AXIS2_PLACEMENT_3D('',#4081,#3262,#3263);
#2848=AXIS2_PLACEMENT_3D('',#4085,#3266,#3267);
#2849=AXIS2_PLACEMENT_3D('',#4089,#3270,#3271);
#2850=AXIS2_PLACEMENT_3D('',#4091,#3273,#3274);
#2851=AXIS2_PLACEMENT_3D('',#4092,#3275,#3276);
#2852=AXIS2_PLACEMENT_3D('',#4093,#3277,#3278);
#2853=AXIS2_PLACEMENT_3D('',#4094,#3279,#3280);
#2854=AXIS2_PLACEMENT_3D('',#4095,#3281,#3282);
#2855=AXIS2_PLACEMENT_3D('',#4098,#3285,#3286);
#2856=AXIS2_PLACEMENT_3D('',#4099,#3287,#3288);
#2857=AXIS2_PLACEMENT_3D('',#4100,#3289,#3290);
#2858=AXIS2_PLACEMENT_3D('',#4101,#3291,#3292);
#2859=AXIS2_PLACEMENT_3D('',#4118,#3301,#3302);
#2860=AXIS2_PLACEMENT_3D('',#4119,#3303,#3304);
#2861=AXIS2_PLACEMENT_3D('',#4129,#3309,#3310);
#2862=AXIS2_PLACEMENT_3D('',#4135,#3314,#3315);
#2863=AXIS2_PLACEMENT_3D('',#4136,#3316,#3317);
#2864=AXIS2_PLACEMENT_3D('',#4143,#3321,#3322);
#2865=AXIS2_PLACEMENT_3D('',#4152,#3327,#3328);
#2866=AXIS2_PLACEMENT_3D('',#4153,#3329,#3330);
#2867=AXIS2_PLACEMENT_3D('',#4157,#3332,#3333);
#2868=AXIS2_PLACEMENT_3D('',#4161,#3335,#3336);
#2869=AXIS2_PLACEMENT_3D('',#4165,#3338,#3339);
#2870=AXIS2_PLACEMENT_3D('',#4170,#3342,#3343);
#2871=AXIS2_PLACEMENT_3D('',#4174,#3345,#3346);
#2872=AXIS2_PLACEMENT_3D('',#4175,#3347,#3348);
#2873=AXIS2_PLACEMENT_3D('',#4179,#3350,#3351);
#2874=AXIS2_PLACEMENT_3D('',#4180,#3352,#3353);
#2875=AXIS2_PLACEMENT_3D('',#4186,#3357,#3358);
#2876=AXIS2_PLACEMENT_3D('',#4187,#3359,#3360);
#2877=AXIS2_PLACEMENT_3D('',#4188,#3361,#3362);
#2878=AXIS2_PLACEMENT_3D('',#4189,#3363,#3364);
#2879=AXIS2_PLACEMENT_3D('',#4193,#3366,#3367);
#2880=AXIS2_PLACEMENT_3D('',#4198,#3370,#3371);
#2881=AXIS2_PLACEMENT_3D('',#4202,#3373,#3374);
#2882=AXIS2_PLACEMENT_3D('',#4206,#3376,#3377);
#2883=AXIS2_PLACEMENT_3D('',#4210,#3379,#3380);
#2884=AXIS2_PLACEMENT_3D('',#4211,#3381,#3382);
#2885=AXIS2_PLACEMENT_3D('',#4214,#3385,#3386);
#2886=AXIS2_PLACEMENT_3D('',#4215,#3387,#3388);
#2887=AXIS2_PLACEMENT_3D('',#4218,#3390,#3391);
#2888=AXIS2_PLACEMENT_3D('',#4219,#3392,#3393);
#2889=AXIS2_PLACEMENT_3D('',#4222,#3395,#3396);
#2890=AXIS2_PLACEMENT_3D('',#4225,#3399,#3400);
#2891=AXIS2_PLACEMENT_3D('',#4228,#3403,#3404);
#2892=AXIS2_PLACEMENT_3D('',#4231,#3407,#3408);
#2893=AXIS2_PLACEMENT_3D('',#4232,#3409,#3410);
#2894=AXIS2_PLACEMENT_3D('',#4233,#3411,#3412);
#2895=AXIS2_PLACEMENT_3D('',#4234,#3413,#3414);
#2896=AXIS2_PLACEMENT_3D('',#4235,#3415,#3416);
#2897=AXIS2_PLACEMENT_3D('',#4236,#3417,#3418);
#2898=AXIS2_PLACEMENT_3D('',#4237,#3419,#3420);
#2899=AXIS2_PLACEMENT_3D('',#4238,#3421,#3422);
#2900=AXIS2_PLACEMENT_3D('',#4239,#3423,#3424);
#2901=AXIS2_PLACEMENT_3D('',#4240,#3425,#3426);
#2902=AXIS2_PLACEMENT_3D('',#4241,#3427,#3428);
#2903=AXIS2_PLACEMENT_3D('',#4247,#3432,#3433);
#2904=AXIS2_PLACEMENT_3D('',#4248,#3434,#3435);
#2905=AXIS2_PLACEMENT_3D('',#4251,#3437,#3438);
#2906=AXIS2_PLACEMENT_3D('',#4255,#3441,#3442);
#2907=AXIS2_PLACEMENT_3D('',#4256,#3443,#3444);
#2908=AXIS2_PLACEMENT_3D('',#4257,#3445,#3446);
#2909=AXIS2_PLACEMENT_3D('',#4258,#3447,#3448);
#2910=AXIS2_PLACEMENT_3D('',#4259,#3449,#3450);
#2911=AXIS2_PLACEMENT_3D('',#4268,#3455,#3456);
#2912=AXIS2_PLACEMENT_3D('',#4274,#3460,#3461);
#2913=AXIS2_PLACEMENT_3D('',#4278,#3464,#3465);
#2914=AXIS2_PLACEMENT_3D('',#4282,#3468,#3469);
#2915=AXIS2_PLACEMENT_3D('',#4284,#3471,#3472);
#2916=AXIS2_PLACEMENT_3D('',#4285,#3473,#3474);
#2917=AXIS2_PLACEMENT_3D('',#4289,#3476,#3477);
#2918=AXIS2_PLACEMENT_3D('',#4290,#3478,#3479);
#2919=AXIS2_PLACEMENT_3D('',#4291,#3480,#3481);
#2920=AXIS2_PLACEMENT_3D('',#4294,#3483,#3484);
#2921=AXIS2_PLACEMENT_3D('',#4297,#3486,#3487);
#2922=AXIS2_PLACEMENT_3D('',#4298,#3488,#3489);
#2923=AXIS2_PLACEMENT_3D('',#4300,#3491,#3492);
#2924=AXIS2_PLACEMENT_3D('',#4306,#3496,#3497);
#2925=AXIS2_PLACEMENT_3D('',#4310,#3500,#3501);
#2926=AXIS2_PLACEMENT_3D('',#4314,#3504,#3505);
#2927=AXIS2_PLACEMENT_3D('',#4316,#3507,#3508);
#2928=AXIS2_PLACEMENT_3D('',#4317,#3509,#3510);
#2929=AXIS2_PLACEMENT_3D('',#4321,#3512,#3513);
#2930=AXIS2_PLACEMENT_3D('',#4322,#3514,#3515);
#2931=AXIS2_PLACEMENT_3D('',#4323,#3516,#3517);
#2932=AXIS2_PLACEMENT_3D('',#4326,#3519,#3520);
#2933=AXIS2_PLACEMENT_3D('',#4327,#3521,#3522);
#2934=AXIS2_PLACEMENT_3D('',#4330,#3524,#3525);
#2935=AXIS2_PLACEMENT_3D('',#4332,#3527,#3528);
#2936=AXIS2_PLACEMENT_3D('',#4333,#3529,#3530);
#2937=AXIS2_PLACEMENT_3D('',#4335,#3531,#3532);
#2938=AXIS2_PLACEMENT_3D('',#4337,#3533,#3534);
#2939=AXIS2_PLACEMENT_3D('',#4346,#3539,#3540);
#2940=AXIS2_PLACEMENT_3D('',#4352,#3544,#3545);
#2941=AXIS2_PLACEMENT_3D('',#4358,#3549,#3550);
#2942=AXIS2_PLACEMENT_3D('',#4364,#3554,#3555);
#2943=AXIS2_PLACEMENT_3D('',#4370,#3559,#3560);
#2944=AXIS2_PLACEMENT_3D('',#4376,#3564,#3565);
#2945=AXIS2_PLACEMENT_3D('',#4382,#3569,#3570);
#2946=AXIS2_PLACEMENT_3D('',#4384,#3572,#3573);
#2947=AXIS2_PLACEMENT_3D('',#4386,#3575,#3576);
#2948=AXIS2_PLACEMENT_3D('',#4387,#3577,#3578);
#2949=AXIS2_PLACEMENT_3D('',#4391,#3580,#3581);
#2950=AXIS2_PLACEMENT_3D('',#4392,#3582,#3583);
#2951=AXIS2_PLACEMENT_3D('',#4396,#3585,#3586);
#2952=AXIS2_PLACEMENT_3D('',#4397,#3587,#3588);
#2953=AXIS2_PLACEMENT_3D('',#4398,#3589,#3590);
#2954=AXIS2_PLACEMENT_3D('',#4400,#3592,#3593);
#2955=AXIS2_PLACEMENT_3D('',#4402,#3595,#3596);
#2956=AXIS2_PLACEMENT_3D('',#4405,#3599,#3600);
#2957=AXIS2_PLACEMENT_3D('',#4408,#3603,#3604);
#2958=AXIS2_PLACEMENT_3D('',#4409,#3605,#3606);
#2959=AXIS2_PLACEMENT_3D('',#4410,#3607,#3608);
#2960=AXIS2_PLACEMENT_3D('',#4411,#3609,#3610);
#2961=AXIS2_PLACEMENT_3D('',#4412,#3611,#3612);
#2962=AXIS2_PLACEMENT_3D('',#4417,#3614,#3615);
#2963=AXIS2_PLACEMENT_3D('',#4419,#3616,#3617);
#2964=AXIS2_PLACEMENT_3D('',#4421,#3618,#3619);
#2965=AXIS2_PLACEMENT_3D('',#4424,#3621,#3622);
#2966=AXIS2_PLACEMENT_3D('',#4435,#3626,#3627);
#2967=AXIS2_PLACEMENT_3D('',#4436,#3628,#3629);
#2968=AXIS2_PLACEMENT_3D('',#4440,#3631,#3632);
#2969=AXIS2_PLACEMENT_3D('',#4442,#3633,#3634);
#2970=AXIS2_PLACEMENT_3D('',#4444,#3635,#3636);
#2971=AXIS2_PLACEMENT_3D('',#4448,#3638,#3639);
#2972=AXIS2_PLACEMENT_3D('',#4452,#3641,#3642);
#2973=AXIS2_PLACEMENT_3D('',#4456,#3644,#3645);
#2974=AXIS2_PLACEMENT_3D('',#4458,#3646,#3647);
#2975=AXIS2_PLACEMENT_3D('',#4460,#3648,#3649);
#2976=AXIS2_PLACEMENT_3D('',#4461,#3650,#3651);
#2977=AXIS2_PLACEMENT_3D('',#4465,#3653,#3654);
#2978=AXIS2_PLACEMENT_3D('',#4469,#3656,#3657);
#2979=AXIS2_PLACEMENT_3D('',#4473,#3659,#3660);
#2980=AXIS2_PLACEMENT_3D('',#4475,#3661,#3662);
#2981=AXIS2_PLACEMENT_3D('',#4477,#3663,#3664);
#2982=AXIS2_PLACEMENT_3D('',#4478,#3665,#3666);
#2983=AXIS2_PLACEMENT_3D('',#4479,#3667,#3668);
#2984=AXIS2_PLACEMENT_3D('',#4482,#3669,#3670);
#2985=AXIS2_PLACEMENT_3D('',#4486,#3672,#3673);
#2986=AXIS2_PLACEMENT_3D('',#4490,#3675,#3676);
#2987=AXIS2_PLACEMENT_3D('',#4494,#3678,#3679);
#2988=AXIS2_PLACEMENT_3D('',#4495,#3680,#3681);
#2989=AXIS2_PLACEMENT_3D('',#4509,#3686,#3687);
#2990=AXIS2_PLACEMENT_3D('',#4512,#3690,#3691);
#2991=AXIS2_PLACEMENT_3D('',#4518,#3695,#3696);
#2992=AXIS2_PLACEMENT_3D('',#4519,#3697,#3698);
#2993=AXIS2_PLACEMENT_3D('',#4523,#3700,#3701);
#2994=AXIS2_PLACEMENT_3D('',#4525,#3702,#3703);
#2995=AXIS2_PLACEMENT_3D('',#4527,#3704,#3705);
#2996=AXIS2_PLACEMENT_3D('',#4528,#3706,#3707);
#2997=AXIS2_PLACEMENT_3D('',#4532,#3709,#3710);
#2998=AXIS2_PLACEMENT_3D('',#4536,#3712,#3713);
#2999=AXIS2_PLACEMENT_3D('',#4538,#3714,#3715);
#3000=AXIS2_PLACEMENT_3D('',#4540,#3716,#3717);
#3001=AXIS2_PLACEMENT_3D('',#4541,#3718,#3719);
#3002=AXIS2_PLACEMENT_3D('',#4542,#3720,#3721);
#3003=AXIS2_PLACEMENT_3D('',#4546,#3723,#3724);
#3004=AXIS2_PLACEMENT_3D('',#4547,#3725,#3726);
#3005=AXIS2_PLACEMENT_3D('',#4551,#3728,#3729);
#3006=AXIS2_PLACEMENT_3D('',#4552,#3730,#3731);
#3007=AXIS2_PLACEMENT_3D('',#4553,#3732,#3733);
#3008=AXIS2_PLACEMENT_3D('',#4555,#3734,#3735);
#3009=AXIS2_PLACEMENT_3D('',#4556,#3736,#3737);
#3010=AXIS2_PLACEMENT_3D('',#4558,#3738,#3739);
#3011=AXIS2_PLACEMENT_3D('',#4564,#3741,#3742);
#3012=AXIS2_PLACEMENT_3D('',#4572,#3745,#3746);
#3013=AXIS2_PLACEMENT_3D('',#4573,#3747,#3748);
#3014=AXIS2_PLACEMENT_3D('',#4575,#3749,#3750);
#3015=AXIS2_PLACEMENT_3D('',#4577,#3751,#3752);
#3016=AXIS2_PLACEMENT_3D('',#4578,#3753,#3754);
#3017=AXIS2_PLACEMENT_3D('',#4581,#3757,#3758);
#3018=AXIS2_PLACEMENT_3D('',#4584,#3761,#3762);
#3019=AXIS2_PLACEMENT_3D('',#4587,#3765,#3766);
#3020=AXIS2_PLACEMENT_3D('',#4590,#3769,#3770);
#3021=AXIS2_PLACEMENT_3D('',#4591,#3771,#3772);
#3022=AXIS2_PLACEMENT_3D('',#4593,#3773,#3774);
#3023=AXIS2_PLACEMENT_3D('',#4594,#3775,#3776);
#3024=AXIS2_PLACEMENT_3D('',#4604,#3785,#3786);
#3025=AXIS2_PLACEMENT_3D('',#4605,#3787,#3788);
#3026=AXIS2_PLACEMENT_3D('',#4606,#3789,#3790);
#3027=AXIS2_PLACEMENT_3D('',#4607,#3791,#3792);
#3028=AXIS2_PLACEMENT_3D('',#4608,#3793,#3794);
#3029=AXIS2_PLACEMENT_3D('',#4609,#3795,#3796);
#3030=AXIS2_PLACEMENT_3D('',#4610,#3797,#3798);
#3031=AXIS2_PLACEMENT_3D('',#4611,#3799,#3800);
#3032=AXIS2_PLACEMENT_3D('',#4612,#3801,#3802);
#3033=AXIS2_PLACEMENT_3D('',#4613,#3803,#3804);
#3034=AXIS2_PLACEMENT_3D('',#4614,#3805,#3806);
#3035=AXIS2_PLACEMENT_3D('',#4615,#3807,#3808);
#3036=AXIS2_PLACEMENT_3D('',#4616,#3809,#3810);
#3037=AXIS2_PLACEMENT_3D('',#4617,#3811,#3812);
#3038=AXIS2_PLACEMENT_3D('',#4618,#3813,#3814);
#3039=AXIS2_PLACEMENT_3D('',#4620,#3815,#3816);
#3040=AXIS2_PLACEMENT_3D('',#4622,#3817,#3818);
#3041=AXIS2_PLACEMENT_3D('',#4623,#3819,#3820);
#3042=AXIS2_PLACEMENT_3D('',#4624,#3821,#3822);
#3043=AXIS2_PLACEMENT_3D('',#4626,#3823,#3824);
#3044=AXIS2_PLACEMENT_3D('',#4627,#3825,#3826);
#3045=AXIS2_PLACEMENT_3D('',#4628,#3827,#3828);
#3046=AXIS2_PLACEMENT_3D('',#4629,#3829,#3830);
#3047=AXIS2_PLACEMENT_3D('',#4630,#3831,#3832);
#3048=AXIS2_PLACEMENT_3D('',#4631,#3833,#3834);
#3049=DIRECTION('',(0.,0.,1.));
#3050=DIRECTION('',(1.,0.,0.));
#3051=DIRECTION('',(0.707106781186547,0.707106781186548,1.99328144168839E-16));
#3052=DIRECTION('',(-2.81892564846231E-16,0.,1.));
#3053=DIRECTION('',(0.707106781186548,-0.707106781186547,-7.66646708341687E-17));
#3054=DIRECTION('',(2.81892564846231E-16,0.,-1.));
#3055=DIRECTION('',(0.577350269189625,-0.577350269189625,0.577350269189627));
#3056=DIRECTION('',(-2.81892564846231E-16,0.,1.));
#3057=DIRECTION('',(-0.707106781186547,0.707106781186547,0.));
#3058=DIRECTION('',(0.,0.,-1.));
#3059=DIRECTION('',(0.577350269189625,0.577350269189625,-0.577350269189626));
#3060=DIRECTION('',(0.,0.,1.));
#3061=DIRECTION('',(0.707106781186548,0.707106781186548,-7.66646708341687E-17));
#3062=DIRECTION('',(0.,0.,-1.));
#3063=DIRECTION('',(-1.53329341668337E-16,0.707106781186548,0.707106781186547));
#3064=DIRECTION('',(-1.,0.,-2.16840434497101E-16));
#3065=DIRECTION('',(-1.99328144168839E-16,-0.707106781186547,0.707106781186548));
#3066=DIRECTION('',(1.,0.,2.16840434497101E-16));
#3067=DIRECTION('',(0.,0.707106781186547,-0.707106781186548));
#3068=DIRECTION('',(-1.,0.,-2.16840434497101E-16));
#3069=DIRECTION('',(0.,0.,1.));
#3070=DIRECTION('',(1.,0.,0.));
#3071=DIRECTION('',(0.,0.,-1.));
#3072=DIRECTION('',(1.,0.,0.));
#3073=DIRECTION('',(-2.16840434497101E-16,0.,1.));
#3074=DIRECTION('',(1.,0.,2.16840434497101E-16));
#3075=DIRECTION('',(0.,-1.,0.));
#3076=DIRECTION('',(0.,0.,-1.));
#3077=DIRECTION('',(-1.,0.,1.0842021724855E-16));
#3078=DIRECTION('',(0.,0.,1.));
#3079=DIRECTION('',(-1.,0.,0.));
#3080=DIRECTION('',(0.,0.,-1.));
#3081=DIRECTION('',(1.,0.,0.));
#3082=DIRECTION('',(0.,0.,-1.));
#3083=DIRECTION('',(0.,0.,1.));
#3084=DIRECTION('',(0.,-1.,0.));
#3085=DIRECTION('',(0.,-1.,0.));
#3086=DIRECTION('',(-1.,0.,0.));
#3087=DIRECTION('',(0.,0.,1.));
#3088=DIRECTION('',(0.,0.,-1.));
#3089=DIRECTION('',(0.,-1.,0.));
#3090=DIRECTION('',(0.,-1.,0.));
#3091=DIRECTION('',(0.,0.,1.));
#3092=DIRECTION('',(1.,0.,0.));
#3093=DIRECTION('',(0.,0.,-1.));
#3094=DIRECTION('',(1.,0.,0.));
#3095=DIRECTION('',(0.,0.,-1.));
#3096=DIRECTION('',(1.,0.,0.));
#3097=DIRECTION('',(0.,0.,-1.));
#3098=DIRECTION('',(-1.,0.,0.));
#3099=DIRECTION('',(1.,0.,2.81892564846231E-16));
#3100=DIRECTION('',(2.81892564846231E-16,0.,-1.));
#3101=DIRECTION('',(0.,-1.,0.));
#3102=DIRECTION('',(0.,-1.,0.));
#3103=DIRECTION('',(-2.81892564846231E-16,0.,1.));
#3104=DIRECTION('',(-2.16840434497101E-16,0.,1.));
#3105=DIRECTION('',(1.,0.,2.16840434497101E-16));
#3106=DIRECTION('',(0.,-1.,0.));
#3107=DIRECTION('',(-1.,0.,-2.16840434497101E-16));
#3108=DIRECTION('',(-1.,0.,0.));
#3109=DIRECTION('',(0.,0.,1.));
#3110=DIRECTION('',(0.,-1.,0.));
#3111=DIRECTION('',(0.,0.,-1.));
#3112=DIRECTION('',(0.,-1.,0.));
#3113=DIRECTION('',(0.,0.,-1.));
#3114=DIRECTION('',(1.,0.,-1.0842021724855E-16));
#3115=DIRECTION('',(-1.0842021724855E-16,0.,-1.));
#3116=DIRECTION('',(-1.,0.,1.0842021724855E-16));
#3117=DIRECTION('',(1.,0.,-1.0842021724855E-16));
#3118=DIRECTION('',(1.,0.,-1.0842021724855E-16));
#3119=DIRECTION('',(1.,0.,0.));
#3120=DIRECTION('',(0.,0.,-1.));
#3121=DIRECTION('',(0.,-1.,0.));
#3122=DIRECTION('',(1.,0.,0.));
#3123=DIRECTION('',(0.,0.,-1.));
#3124=DIRECTION('',(0.,0.,-1.));
#3125=DIRECTION('',(0.,-1.,0.));
#3126=DIRECTION('',(0.,0.,-1.));
#3127=DIRECTION('',(0.,1.,0.));
#3128=DIRECTION('',(0.,0.,-1.));
#3129=DIRECTION('',(0.,-1.,0.));
#3130=DIRECTION('',(0.,0.,-1.));
#3131=DIRECTION('',(0.,-0.39054984685617,-0.920581781875257));
#3132=DIRECTION('',(1.,0.,0.));
#3133=DIRECTION('',(0.,0.,-1.));
#3134=DIRECTION('',(0.,-1.,0.));
#3135=DIRECTION('',(1.,0.,0.));
#3136=DIRECTION('',(0.,0.,-1.));
#3137=DIRECTION('',(0.,0.,1.));
#3138=DIRECTION('',(0.,1.,0.));
#3139=DIRECTION('',(0.,0.,1.));
#3140=DIRECTION('',(1.,0.,0.));
#3141=DIRECTION('',(1.,0.,0.));
#3142=DIRECTION('',(0.,0.,-1.));
#3143=DIRECTION('',(1.,0.,0.));
#3144=DIRECTION('',(1.,0.,0.));
#3145=DIRECTION('',(0.,0.,1.));
#3146=DIRECTION('',(1.,0.,-1.0842021724855E-16));
#3147=DIRECTION('',(0.,0.,1.));
#3148=DIRECTION('',(1.,0.,2.16840434497101E-16));
#3149=DIRECTION('',(2.81892564846231E-16,0.,-1.));
#3150=DIRECTION('',(1.,0.,-1.0842021724855E-16));
#3151=DIRECTION('',(0.,0.,-1.));
#3152=DIRECTION('',(0.,0.,1.));
#3153=DIRECTION('',(1.,0.,0.));
#3154=DIRECTION('',(0.,-1.,0.));
#3155=DIRECTION('',(-1.,0.,0.));
#3156=DIRECTION('',(0.,-1.,0.));
#3157=DIRECTION('',(0.90630778703665,0.4226182617407,0.));
#3158=DIRECTION('',(0.,-1.,0.));
#3159=DIRECTION('',(-0.906307787036649,0.422618261740701,0.));
#3160=DIRECTION('',(-1.,0.,0.));
#3161=DIRECTION('',(0.,1.,0.));
#3162=DIRECTION('',(0.906307787036649,-0.422618261740701,0.));
#3163=DIRECTION('',(0.,1.,0.));
#3164=DIRECTION('',(-0.906307787036651,-0.422618261740698,0.));
#3165=DIRECTION('',(0.,1.,0.));
#3166=DIRECTION('',(-1.0842021724855E-16,0.,-1.));
#3167=DIRECTION('',(-1.,0.,1.0842021724855E-16));
#3168=DIRECTION('',(0.,-1.,0.));
#3169=DIRECTION('',(-1.,0.,1.0842021724855E-16));
#3170=DIRECTION('',(0.,-1.,0.));
#3171=DIRECTION('',(0.707106781186548,-0.707106781186547,-7.66646708341687E-17));
#3172=DIRECTION('',(0.,-1.,0.));
#3173=DIRECTION('',(1.,0.,-1.0842021724855E-16));
#3174=DIRECTION('',(0.,-1.,0.));
#3175=DIRECTION('',(0.707106781186548,0.707106781186548,-7.66646708341687E-17));
#3176=DIRECTION('',(0.,0.,1.));
#3177=DIRECTION('',(1.,0.,0.));
#3178=DIRECTION('',(0.,0.,-1.));
#3179=DIRECTION('',(1.,0.,0.));
#3180=DIRECTION('',(1.,0.,0.));
#3181=DIRECTION('',(0.,1.,0.));
#3182=DIRECTION('',(1.,0.,0.));
#3183=DIRECTION('',(-1.,0.,0.));
#3184=DIRECTION('',(0.,0.,1.));
#3185=DIRECTION('',(0.,0.,-1.));
#3186=DIRECTION('',(-1.,0.,0.));
#3187=DIRECTION('',(0.,0.,1.));
#3188=DIRECTION('',(0.,-1.,0.));
#3189=DIRECTION('',(0.,0.,1.));
#3190=DIRECTION('',(-1.,0.,0.));
#3191=DIRECTION('',(0.,0.,1.));
#3192=DIRECTION('',(-1.,0.,0.));
#3193=DIRECTION('',(0.,0.,1.));
#3194=DIRECTION('',(0.,-0.39054984685617,-0.920581781875257));
#3195=DIRECTION('',(0.,0.,-1.));
#3196=DIRECTION('',(0.,1.,0.));
#3197=DIRECTION('',(0.,0.,-1.));
#3198=DIRECTION('',(0.,-1.,0.));
#3199=DIRECTION('',(0.,0.,-1.));
#3200=DIRECTION('',(1.,0.,0.));
#3201=DIRECTION('',(0.,-0.920581781875257,0.39054984685617));
#3202=DIRECTION('',(0.,-0.39054984685617,-0.920581781875257));
#3203=DIRECTION('',(1.,0.,0.));
#3204=DIRECTION('',(0.,0.,1.));
#3205=DIRECTION('',(1.,0.,0.));
#3206=DIRECTION('',(1.,0.,0.));
#3207=DIRECTION('',(1.,0.,0.));
#3208=DIRECTION('',(0.,1.,0.));
#3209=DIRECTION('',(0.,0.,1.));
#3210=DIRECTION('',(1.,0.,0.));
#3211=DIRECTION('',(1.,0.,2.81892564846231E-16));
#3212=DIRECTION('',(2.81892564846231E-16,0.,-1.));
#3213=DIRECTION('',(-2.81892564846231E-16,0.,1.));
#3214=DIRECTION('',(-1.99328144168839E-16,-0.707106781186547,0.707106781186548));
#3215=DIRECTION('',(0.,-1.,0.));
#3216=DIRECTION('',(-2.81892564846231E-16,0.,1.));
#3217=DIRECTION('',(-2.16840434497101E-16,0.,1.));
#3218=DIRECTION('',(1.,0.,2.16840434497101E-16));
#3219=DIRECTION('',(-2.16840434497101E-16,0.,1.));
#3220=DIRECTION('',(1.,0.,2.16840434497101E-16));
#3221=DIRECTION('',(-1.,0.,-2.16840434497101E-16));
#3222=DIRECTION('',(0.,-1.,0.));
#3223=DIRECTION('',(-1.,0.,-2.16840434497101E-16));
#3224=DIRECTION('',(-1.,0.,0.));
#3225=DIRECTION('',(0.,0.,1.));
#3226=DIRECTION('',(0.,0.707106781186547,-0.707106781186548));
#3227=DIRECTION('',(0.,0.,-1.));
#3228=DIRECTION('',(0.,0.,-1.));
#3229=DIRECTION('',(0.,-1.,0.));
#3230=DIRECTION('',(0.,0.,-1.));
#3231=DIRECTION('',(0.,-1.,0.));
#3232=DIRECTION('',(0.,0.,-1.));
#3233=DIRECTION('',(0.,0.,1.));
#3234=DIRECTION('',(0.,0.,-1.));
#3235=DIRECTION('',(1.,0.,0.));
#3236=DIRECTION('',(0.,0.,-1.));
#3237=DIRECTION('',(-1.,0.,0.));
#3238=DIRECTION('',(0.,0.,1.));
#3239=DIRECTION('',(0.,0.,1.));
#3240=DIRECTION('',(1.,0.,0.));
#3241=DIRECTION('',(0.,0.,-1.));
#3242=DIRECTION('',(1.,0.,0.));
#3243=DIRECTION('',(0.,0.,-1.));
#3244=DIRECTION('',(-1.,0.,0.));
#3245=DIRECTION('',(0.,0.,-1.));
#3246=DIRECTION('',(1.,0.,0.));
#3247=DIRECTION('',(0.,0.,1.));
#3248=DIRECTION('',(1.,0.,0.));
#3249=DIRECTION('',(1.,0.,0.));
#3250=DIRECTION('',(0.,0.,-1.));
#3251=DIRECTION('',(0.,0.,-1.));
#3252=DIRECTION('',(0.,-1.,0.));
#3253=DIRECTION('',(0.,0.,-1.));
#3254=DIRECTION('',(-0.4226182617407,0.90630778703665,0.));
#3255=DIRECTION('',(-0.90630778703665,-0.4226182617407,0.));
#3256=DIRECTION('',(0.90630778703665,0.4226182617407,0.));
#3257=DIRECTION('',(-0.422618261740701,-0.906307787036649,0.));
#3258=DIRECTION('',(0.906307787036649,-0.422618261740701,0.));
#3259=DIRECTION('',(-0.906307787036649,0.422618261740701,0.));
#3260=DIRECTION('',(0.,0.,1.));
#3261=DIRECTION('',(1.,0.,0.));
#3262=DIRECTION('',(0.422618261740698,-0.906307787036651,0.));
#3263=DIRECTION('',(0.906307787036651,0.422618261740698,0.));
#3264=DIRECTION('',(0.,0.,-1.));
#3265=DIRECTION('',(-0.906307787036651,-0.422618261740698,0.));
#3266=DIRECTION('',(-1.,0.,0.));
#3267=DIRECTION('',(0.,0.,1.));
#3268=DIRECTION('',(0.,0.,-1.));
#3269=DIRECTION('',(0.,1.,0.));
#3270=DIRECTION('',(0.422618261740701,0.906307787036649,0.));
#3271=DIRECTION('',(-0.906307787036649,0.422618261740701,0.));
#3272=DIRECTION('',(0.906307787036649,-0.422618261740701,0.));
#3273=DIRECTION('',(0.,0.,1.));
#3274=DIRECTION('',(1.,0.,0.));
#3275=DIRECTION('',(1.,0.,0.));
#3276=DIRECTION('',(0.,0.,-1.));
#3277=DIRECTION('',(1.,0.,0.));
#3278=DIRECTION('',(0.,0.,-1.));
#3279=DIRECTION('',(-1.,0.,0.));
#3280=DIRECTION('',(0.,0.,1.));
#3281=DIRECTION('',(-1.53329341668337E-16,0.707106781186548,0.707106781186547));
#3282=DIRECTION('',(-1.,0.,-2.16840434497101E-16));
#3283=DIRECTION('',(0.577350269189625,-0.577350269189625,0.577350269189627));
#3284=DIRECTION('',(0.577350269189625,0.577350269189625,-0.577350269189626));
#3285=DIRECTION('',(0.707106781186547,0.707106781186548,1.99328144168839E-16));
#3286=DIRECTION('',(-2.81892564846231E-16,0.,1.));
#3287=DIRECTION('',(-0.707106781186547,0.707106781186547,0.));
#3288=DIRECTION('',(0.,0.,-1.));
#3289=DIRECTION('',(0.,0.,1.));
#3290=DIRECTION('',(1.,0.,0.));
#3291=DIRECTION('',(0.,0.,1.));
#3292=DIRECTION('',(1.,0.,0.));
#3293=DIRECTION('',(-1.,0.,0.));
#3294=DIRECTION('',(0.,1.,0.));
#3295=DIRECTION('',(1.,0.,0.));
#3296=DIRECTION('',(0.,-1.,0.));
#3297=DIRECTION('',(1.,0.,0.));
#3298=DIRECTION('',(0.,1.,0.));
#3299=DIRECTION('',(-1.,0.,0.));
#3300=DIRECTION('',(0.,-1.,0.));
#3301=DIRECTION('',(0.,0.,1.));
#3302=DIRECTION('',(1.,0.,0.));
#3303=DIRECTION('',(0.,0.,1.));
#3304=DIRECTION('',(1.,0.,0.));
#3305=DIRECTION('',(0.,-1.,0.));
#3306=DIRECTION('',(-1.,0.,0.));
#3307=DIRECTION('',(0.,-1.,0.));
#3308=DIRECTION('',(1.,0.,0.));
#3309=DIRECTION('',(1.,0.,3.61400724161835E-16));
#3310=DIRECTION('',(3.61400724161835E-16,0.,-1.));
#3311=DIRECTION('',(0.,-1.,0.));
#3312=DIRECTION('',(-3.61400724161835E-16,0.,1.));
#3313=DIRECTION('',(-3.61400724161835E-16,0.,1.));
#3314=DIRECTION('',(0.,0.,-1.));
#3315=DIRECTION('',(-1.,0.,0.));
#3316=DIRECTION('',(0.,0.,-1.));
#3317=DIRECTION('',(-1.,0.,0.));
#3318=DIRECTION('',(0.,-1.,0.));
#3319=DIRECTION('',(1.,0.,0.));
#3320=DIRECTION('',(1.,0.,0.));
#3321=DIRECTION('',(-1.,0.,0.));
#3322=DIRECTION('',(0.,0.,1.));
#3323=DIRECTION('',(0.,0.,-1.));
#3324=DIRECTION('',(0.,1.,0.));
#3325=DIRECTION('',(0.,0.,1.));
#3326=DIRECTION('',(0.,1.,0.));
#3327=DIRECTION('',(0.,1.,0.));
#3328=DIRECTION('',(0.,0.,1.));
#3329=DIRECTION('',(0.,1.,0.));
#3330=DIRECTION('',(0.,0.,1.));
#3331=DIRECTION('',(-1.6365315811102E-16,0.,1.));
#3332=DIRECTION('',(0.,1.,0.));
#3333=DIRECTION('',(0.,0.,1.));
#3334=DIRECTION('',(1.,0.,0.));
#3335=DIRECTION('',(0.,1.,0.));
#3336=DIRECTION('',(0.,0.,1.));
#3337=DIRECTION('',(0.,0.,-1.));
#3338=DIRECTION('',(0.,1.,0.));
#3339=DIRECTION('',(0.,0.,1.));
#3340=DIRECTION('',(-1.,0.,-1.27553196763001E-16));
#3341=DIRECTION('',(1.,0.,0.));
#3342=DIRECTION('',(0.,1.,0.));
#3343=DIRECTION('',(0.,0.,1.));
#3344=DIRECTION('',(0.,0.,-1.));
#3345=DIRECTION('',(0.,1.,0.));
#3346=DIRECTION('',(0.,0.,1.));
#3347=DIRECTION('',(0.,1.,0.));
#3348=DIRECTION('',(0.,0.,1.));
#3349=DIRECTION('',(0.,0.,-1.));
#3350=DIRECTION('',(0.,1.,0.));
#3351=DIRECTION('',(0.,0.,1.));
#3352=DIRECTION('',(-1.,0.,0.));
#3353=DIRECTION('',(0.,0.,1.));
#3354=DIRECTION('',(0.,1.,0.));
#3355=DIRECTION('',(0.,0.,-1.));
#3356=DIRECTION('',(0.,-1.,0.));
#3357=DIRECTION('',(0.,-1.,0.));
#3358=DIRECTION('',(0.,0.,-1.));
#3359=DIRECTION('',(0.,-1.,0.));
#3360=DIRECTION('',(0.,0.,-1.));
#3361=DIRECTION('',(0.,-1.,0.));
#3362=DIRECTION('',(0.,0.,-1.));
#3363=DIRECTION('',(0.,-1.,0.));
#3364=DIRECTION('',(0.,0.,-1.));
#3365=DIRECTION('',(0.,0.,-1.));
#3366=DIRECTION('',(0.,-1.,0.));
#3367=DIRECTION('',(0.,0.,-1.));
#3368=DIRECTION('',(-1.,0.,0.));
#3369=DIRECTION('',(-1.,0.,-1.27553196763001E-16));
#3370=DIRECTION('',(0.,-1.,0.));
#3371=DIRECTION('',(0.,0.,-1.));
#3372=DIRECTION('',(0.,0.,-1.));
#3373=DIRECTION('',(0.,-1.,0.));
#3374=DIRECTION('',(0.,0.,-1.));
#3375=DIRECTION('',(1.,0.,0.));
#3376=DIRECTION('',(0.,-1.,0.));
#3377=DIRECTION('',(0.,0.,-1.));
#3378=DIRECTION('',(-1.6365315811102E-16,0.,1.));
#3379=DIRECTION('',(0.,-1.,0.));
#3380=DIRECTION('',(0.,0.,-1.));
#3381=DIRECTION('',(1.,0.,0.));
#3382=DIRECTION('',(0.,0.,-1.));
#3383=DIRECTION('',(0.,-1.,0.));
#3384=DIRECTION('',(0.,-1.,0.));
#3385=DIRECTION('',(0.,0.,1.));
#3386=DIRECTION('',(1.,0.,0.));
#3387=DIRECTION('',(0.,0.,1.));
#3388=DIRECTION('',(1.,0.,0.));
#3389=DIRECTION('',(0.,-1.,0.));
#3390=DIRECTION('',(-1.27553196763001E-16,0.,1.));
#3391=DIRECTION('',(1.,0.,1.27553196763001E-16));
#3392=DIRECTION('',(-1.27553196763001E-16,0.,1.));
#3393=DIRECTION('',(1.,0.,1.27553196763001E-16));
#3394=DIRECTION('',(0.,-1.,0.));
#3395=DIRECTION('',(-1.,0.,0.));
#3396=DIRECTION('',(0.,0.,1.));
#3397=DIRECTION('',(0.,-1.,0.));
#3398=DIRECTION('',(0.,-1.,0.));
#3399=DIRECTION('',(0.,0.,-1.));
#3400=DIRECTION('',(-1.,0.,0.));
#3401=DIRECTION('',(0.,-1.,0.));
#3402=DIRECTION('',(0.,-1.,0.));
#3403=DIRECTION('',(1.,0.,1.6365315811102E-16));
#3404=DIRECTION('',(1.6365315811102E-16,0.,-1.));
#3405=DIRECTION('',(0.,-1.,0.));
#3406=DIRECTION('',(0.,-1.,0.));
#3407=DIRECTION('',(0.,1.,0.));
#3408=DIRECTION('',(0.,0.,1.));
#3409=DIRECTION('',(0.,1.,0.));
#3410=DIRECTION('',(0.,0.,1.));
#3411=DIRECTION('',(0.,1.,0.));
#3412=DIRECTION('',(0.,0.,1.));
#3413=DIRECTION('',(0.,1.,0.));
#3414=DIRECTION('',(0.,0.,1.));
#3415=DIRECTION('',(0.,-1.,0.));
#3416=DIRECTION('',(0.,0.,-1.));
#3417=DIRECTION('',(0.,1.,0.));
#3418=DIRECTION('',(0.,0.,1.));
#3419=DIRECTION('',(0.,-1.,0.));
#3420=DIRECTION('',(0.,0.,-1.));
#3421=DIRECTION('',(0.,1.,0.));
#3422=DIRECTION('',(0.,0.,1.));
#3423=DIRECTION('',(0.,0.,1.));
#3424=DIRECTION('',(1.,0.,0.));
#3425=DIRECTION('',(0.,0.,1.));
#3426=DIRECTION('',(1.,0.,0.));
#3427=DIRECTION('',(0.,-1.,0.));
#3428=DIRECTION('',(0.,0.,-1.));
#3429=DIRECTION('',(0.,0.,1.));
#3430=DIRECTION('',(1.,0.,0.));
#3431=DIRECTION('',(0.,0.,1.));
#3432=DIRECTION('',(-1.,0.,0.));
#3433=DIRECTION('',(0.,0.,1.));
#3434=DIRECTION('',(-1.,0.,0.));
#3435=DIRECTION('',(0.,0.,1.));
#3436=DIRECTION('',(0.,0.,1.));
#3437=DIRECTION('',(0.,1.,0.));
#3438=DIRECTION('',(0.,0.,1.));
#3439=DIRECTION('',(0.,0.,1.));
#3440=DIRECTION('',(-1.,0.,0.));
#3441=DIRECTION('',(1.,0.,0.));
#3442=DIRECTION('',(0.,0.,-1.));
#3443=DIRECTION('',(1.,0.,0.));
#3444=DIRECTION('',(0.,0.,-1.));
#3445=DIRECTION('',(1.,0.,0.));
#3446=DIRECTION('',(0.,0.,-1.));
#3447=DIRECTION('',(0.,0.,1.));
#3448=DIRECTION('',(1.,0.,0.));
#3449=DIRECTION('',(0.,1.,2.85943974506025E-16));
#3450=DIRECTION('',(0.,-2.85943974506025E-16,1.));
#3451=DIRECTION('',(-1.,0.,0.));
#3452=DIRECTION('',(0.,-2.85943974506025E-16,1.));
#3453=DIRECTION('',(-1.,0.,0.));
#3454=DIRECTION('',(0.,-2.85943974506025E-16,1.));
#3455=DIRECTION('',(1.,0.,0.));
#3456=DIRECTION('',(0.,1.,2.85943974506025E-16));
#3457=DIRECTION('',(0.,1.,2.85943974506025E-16));
#3458=DIRECTION('',(0.,2.71050543121376E-16,-1.));
#3459=DIRECTION('',(0.,-1.,-2.85943974506025E-16));
#3460=DIRECTION('',(0.,-2.85943974506025E-16,1.));
#3461=DIRECTION('',(0.,-1.,-2.85943974506025E-16));
#3462=DIRECTION('',(0.,1.,2.85943974506025E-16));
#3463=DIRECTION('',(-1.,0.,0.));
#3464=DIRECTION('',(1.,0.,0.));
#3465=DIRECTION('',(0.,1.,2.85943974506025E-16));
#3466=DIRECTION('',(0.,-1.,-2.85943974506025E-16));
#3467=DIRECTION('',(0.,-5.42101086242754E-16,1.));
#3468=DIRECTION('',(0.,-2.85943974506025E-16,1.));
#3469=DIRECTION('',(0.,-1.,-2.85943974506025E-16));
#3470=DIRECTION('',(-1.,0.,0.));
#3471=DIRECTION('',(-1.,0.,0.));
#3472=DIRECTION('',(0.,0.,1.));
#3473=DIRECTION('',(1.,0.,0.));
#3474=DIRECTION('',(0.,0.,-1.));
#3475=DIRECTION('',(0.,-0.5,-0.866025403784439));
#3476=DIRECTION('',(1.,0.,0.));
#3477=DIRECTION('',(0.,1.,0.));
#3478=DIRECTION('',(1.,0.,0.));
#3479=DIRECTION('',(0.,1.,0.));
#3480=DIRECTION('',(1.,0.,0.));
#3481=DIRECTION('',(0.,0.,-1.));
#3482=DIRECTION('',(1.,0.,0.));
#3483=DIRECTION('',(-1.,0.,0.));
#3484=DIRECTION('',(0.,0.,1.));
#3485=DIRECTION('',(0.,0.5,0.866025403784439));
#3486=DIRECTION('',(1.,0.,0.));
#3487=DIRECTION('',(0.,1.,0.));
#3488=DIRECTION('',(1.,0.,0.));
#3489=DIRECTION('',(0.,1.,0.));
#3490=DIRECTION('',(1.,0.,0.));
#3491=DIRECTION('',(0.,-0.5,-0.866025403784439));
#3492=DIRECTION('',(0.,0.866025403784439,-0.5));
#3493=DIRECTION('',(-1.,0.,0.));
#3494=DIRECTION('',(0.,-0.866025403784439,0.5));
#3495=DIRECTION('',(0.,-0.866025403784439,0.5));
#3496=DIRECTION('',(1.,0.,0.));
#3497=DIRECTION('',(0.,1.,2.85943974506025E-16));
#3498=DIRECTION('',(0.,0.500000000000002,0.866025403784437));
#3499=DIRECTION('',(0.,0.866025403784439,-0.5));
#3500=DIRECTION('',(0.,-0.5,-0.866025403784439));
#3501=DIRECTION('',(0.,0.866025403784439,-0.5));
#3502=DIRECTION('',(-1.,0.,0.));
#3503=DIRECTION('',(0.,0.866025403784439,-0.5));
#3504=DIRECTION('',(1.,0.,0.));
#3505=DIRECTION('',(0.,1.,2.85943974506025E-16));
#3506=DIRECTION('',(0.,-0.500000000000002,-0.866025403784437));
#3507=DIRECTION('',(1.,0.,0.));
#3508=DIRECTION('',(0.,1.,0.));
#3509=DIRECTION('',(1.,0.,0.));
#3510=DIRECTION('',(0.,1.,0.));
#3511=DIRECTION('',(1.,0.,0.));
#3512=DIRECTION('',(1.,0.,0.));
#3513=DIRECTION('',(0.,1.,0.));
#3514=DIRECTION('',(-1.,0.,0.));
#3515=DIRECTION('',(0.,0.,1.));
#3516=DIRECTION('',(1.,0.,0.));
#3517=DIRECTION('',(0.,0.,-1.));
#3518=DIRECTION('',(7.52486435964868E-17,-1.,0.));
#3519=DIRECTION('',(1.,0.,0.));
#3520=DIRECTION('',(0.,1.,0.));
#3521=DIRECTION('',(1.,0.,0.));
#3522=DIRECTION('',(0.,0.,-1.));
#3523=DIRECTION('',(1.,0.,0.));
#3524=DIRECTION('',(-1.,0.,0.));
#3525=DIRECTION('',(0.,0.,1.));
#3526=DIRECTION('',(7.52486435964868E-17,1.,0.));
#3527=DIRECTION('',(0.,0.,-1.));
#3528=DIRECTION('',(-1.,0.,0.));
#3529=DIRECTION('',(0.,0.,1.));
#3530=DIRECTION('',(1.,0.,0.));
#3531=DIRECTION('',(0.,0.,1.));
#3532=DIRECTION('',(1.,0.,0.));
#3533=DIRECTION('',(-1.,0.,0.));
#3534=DIRECTION('',(0.,-1.,0.));
#3535=DIRECTION('',(0.,0.,-1.));
#3536=DIRECTION('',(0.,-1.,0.));
#3537=DIRECTION('',(0.,0.,-1.));
#3538=DIRECTION('',(0.,1.,0.));
#3539=DIRECTION('',(0.,-1.,0.));
#3540=DIRECTION('',(0.,0.,-1.));
#3541=DIRECTION('',(-1.,0.,0.));
#3542=DIRECTION('',(0.,0.,-1.));
#3543=DIRECTION('',(-1.,0.,0.));
#3544=DIRECTION('',(-1.,0.,0.));
#3545=DIRECTION('',(0.,-1.,0.));
#3546=DIRECTION('',(0.,0.,-1.));
#3547=DIRECTION('',(0.,-1.,0.));
#3548=DIRECTION('',(0.,1.,0.));
#3549=DIRECTION('',(0.,-1.,0.));
#3550=DIRECTION('',(1.,0.,0.));
#3551=DIRECTION('',(1.,0.,0.));
#3552=DIRECTION('',(0.,0.,-1.));
#3553=DIRECTION('',(1.,0.,0.));
#3554=DIRECTION('',(0.,-1.,0.));
#3555=DIRECTION('',(1.,0.,0.));
#3556=DIRECTION('',(0.,0.,-1.));
#3557=DIRECTION('',(1.,0.,0.));
#3558=DIRECTION('',(1.,0.,0.));
#3559=DIRECTION('',(0.,0.,1.));
#3560=DIRECTION('',(1.,0.,0.));
#3561=DIRECTION('',(0.,1.,0.));
#3562=DIRECTION('',(1.,0.,0.));
#3563=DIRECTION('',(0.,-1.,0.));
#3564=DIRECTION('',(0.,0.,1.));
#3565=DIRECTION('',(1.,0.,0.));
#3566=DIRECTION('',(0.,-1.,0.));
#3567=DIRECTION('',(1.,0.,0.));
#3568=DIRECTION('',(0.,1.,0.));
#3569=DIRECTION('',(1.,0.,0.));
#3570=DIRECTION('',(0.,0.,-1.));
#3571=DIRECTION('',(0.,0.,1.));
#3572=DIRECTION('',(-1.,0.,0.));
#3573=DIRECTION('',(0.,0.,1.));
#3574=DIRECTION('',(0.,0.,1.));
#3575=DIRECTION('',(-1.,0.,0.));
#3576=DIRECTION('',(0.,0.,1.));
#3577=DIRECTION('',(1.,0.,0.));
#3578=DIRECTION('',(0.,0.,-1.));
#3579=DIRECTION('',(7.52486435964868E-17,1.,0.));
#3580=DIRECTION('',(1.,0.,0.));
#3581=DIRECTION('',(0.,1.,0.));
#3582=DIRECTION('',(-1.,0.,0.));
#3583=DIRECTION('',(0.,0.,1.));
#3584=DIRECTION('',(7.52486435964868E-17,-1.,0.));
#3585=DIRECTION('',(1.,0.,0.));
#3586=DIRECTION('',(0.,0.,-1.));
#3587=DIRECTION('',(1.,0.,0.));
#3588=DIRECTION('',(0.,1.,0.));
#3589=DIRECTION('',(1.,0.,0.));
#3590=DIRECTION('',(0.,1.,0.));
#3591=DIRECTION('',(-1.,0.,0.));
#3592=DIRECTION('',(1.,0.,0.));
#3593=DIRECTION('',(0.,1.,0.));
#3594=DIRECTION('',(-1.,0.,0.));
#3595=DIRECTION('',(-0.813733471206735,-6.12323399573677E-17,0.581238193719097));
#3596=DIRECTION('',(-0.581238193719097,-1.24017523443933E-17,-0.813733471206735));
#3597=DIRECTION('',(-0.581238193719097,-1.24017523443933E-17,-0.813733471206735));
#3598=DIRECTION('',(-0.581238193719097,-1.24017523443933E-17,-0.813733471206735));
#3599=DIRECTION('',(-0.813733471206735,6.12323399573677E-17,-0.581238193719097));
#3600=DIRECTION('',(0.581238193719097,-1.24017523443933E-17,-0.813733471206735));
#3601=DIRECTION('',(0.581238193719097,-1.24017523443933E-17,-0.813733471206735));
#3602=DIRECTION('',(0.581238193719097,-1.24017523443933E-17,-0.813733471206735));
#3603=DIRECTION('',(0.,-1.,0.));
#3604=DIRECTION('',(0.,0.,-1.));
#3605=DIRECTION('',(0.,-1.,0.));
#3606=DIRECTION('',(0.,0.,-1.));
#3607=DIRECTION('',(0.,0.,1.));
#3608=DIRECTION('',(1.,0.,0.));
#3609=DIRECTION('',(0.,0.,1.));
#3610=DIRECTION('',(1.,0.,0.));
#3611=DIRECTION('',(0.,0.,1.));
#3612=DIRECTION('',(1.,0.,0.));
#3613=DIRECTION('',(-1.,-1.12937726300573E-16,0.));
#3614=DIRECTION('',(0.,0.,1.));
#3615=DIRECTION('',(1.,0.,0.));
#3616=DIRECTION('',(0.,0.,-1.));
#3617=DIRECTION('',(-1.,-5.13476407101895E-16,0.));
#3618=DIRECTION('',(0.,0.,1.));
#3619=DIRECTION('',(1.,0.,0.));
#3620=DIRECTION('',(1.,1.12937726300573E-16,0.));
#3621=DIRECTION('',(-1.12937726300573E-16,1.,0.));
#3622=DIRECTION('',(-1.,-1.12937726300573E-16,0.));
#3623=DIRECTION('',(0.,0.,1.));
#3624=DIRECTION('',(-1.,-1.12937726300573E-16,0.));
#3625=DIRECTION('',(0.,0.,-1.));
#3626=DIRECTION('',(0.,0.,-1.));
#3627=DIRECTION('',(-1.,0.,0.));
#3628=DIRECTION('',(0.,0.,-1.));
#3629=DIRECTION('',(-1.,0.,0.));
#3630=DIRECTION('',(-1.,-1.12937726300573E-16,0.));
#3631=DIRECTION('',(0.,0.,-1.));
#3632=DIRECTION('',(-1.,0.,0.));
#3633=DIRECTION('',(0.,0.,-1.));
#3634=DIRECTION('',(1.,0.,0.));
#3635=DIRECTION('',(0.,0.,-1.));
#3636=DIRECTION('',(-1.,0.,0.));
#3637=DIRECTION('',(6.02334540269724E-17,-1.,0.));
#3638=DIRECTION('',(0.,0.,-1.));
#3639=DIRECTION('',(-1.,0.,0.));
#3640=DIRECTION('',(-1.,0.,0.));
#3641=DIRECTION('',(0.,0.,-1.));
#3642=DIRECTION('',(-1.,0.,0.));
#3643=DIRECTION('',(6.02334540269724E-17,1.,0.));
#3644=DIRECTION('',(0.,0.,-1.));
#3645=DIRECTION('',(-1.,0.,0.));
#3646=DIRECTION('',(0.,0.,-1.));
#3647=DIRECTION('',(1.,0.,0.));
#3648=DIRECTION('',(0.,0.,-1.));
#3649=DIRECTION('',(-1.,0.,0.));
#3650=DIRECTION('',(0.,0.,1.));
#3651=DIRECTION('',(1.,0.,0.));
#3652=DIRECTION('',(-6.02334540269725E-17,-1.,0.));
#3653=DIRECTION('',(0.,0.,1.));
#3654=DIRECTION('',(1.,0.,0.));
#3655=DIRECTION('',(1.,0.,0.));
#3656=DIRECTION('',(0.,0.,1.));
#3657=DIRECTION('',(1.,0.,0.));
#3658=DIRECTION('',(-6.02334540269725E-17,1.,0.));
#3659=DIRECTION('',(0.,0.,1.));
#3660=DIRECTION('',(1.,0.,0.));
#3661=DIRECTION('',(0.,0.,-1.));
#3662=DIRECTION('',(1.,5.13476407101895E-16,0.));
#3663=DIRECTION('',(0.,0.,1.));
#3664=DIRECTION('',(1.,0.,0.));
#3665=DIRECTION('',(0.,0.,1.));
#3666=DIRECTION('',(1.,0.,0.));
#3667=DIRECTION('',(0.,0.,-1.));
#3668=DIRECTION('',(1.,5.13476407101895E-16,0.));
#3669=DIRECTION('',(0.,0.,1.));
#3670=DIRECTION('',(1.,0.,0.));
#3671=DIRECTION('',(6.02334540269724E-17,1.,0.));
#3672=DIRECTION('',(0.,0.,1.));
#3673=DIRECTION('',(1.,0.,0.));
#3674=DIRECTION('',(-1.,0.,0.));
#3675=DIRECTION('',(0.,0.,1.));
#3676=DIRECTION('',(1.,0.,0.));
#3677=DIRECTION('',(6.02334540269724E-17,-1.,0.));
#3678=DIRECTION('',(0.,0.,1.));
#3679=DIRECTION('',(1.,0.,0.));
#3680=DIRECTION('',(1.12937726300573E-16,-1.,0.));
#3681=DIRECTION('',(1.,1.12937726300573E-16,0.));
#3682=DIRECTION('',(0.,0.,1.));
#3683=DIRECTION('',(1.,1.12937726300573E-16,0.));
#3684=DIRECTION('',(0.,0.,-1.));
#3685=DIRECTION('',(1.,1.12937726300573E-16,0.));
#3686=DIRECTION('',(-1.,-6.02334540269724E-17,0.));
#3687=DIRECTION('',(6.02334540269724E-17,-1.,0.));
#3688=DIRECTION('',(0.,0.,-1.));
#3689=DIRECTION('',(0.,0.,1.));
#3690=DIRECTION('',(1.,6.02334540269724E-17,0.));
#3691=DIRECTION('',(-6.02334540269724E-17,1.,0.));
#3692=DIRECTION('',(0.,0.,1.));
#3693=DIRECTION('',(-6.02334540269725E-17,1.,0.));
#3694=DIRECTION('',(0.,0.,-1.));
#3695=DIRECTION('',(0.,0.,-1.));
#3696=DIRECTION('',(-1.,0.,0.));
#3697=DIRECTION('',(0.,0.,-1.));
#3698=DIRECTION('',(-1.,0.,0.));
#3699=DIRECTION('',(1.,1.12937726300573E-16,0.));
#3700=DIRECTION('',(0.,0.,-1.));
#3701=DIRECTION('',(-1.,0.,0.));
#3702=DIRECTION('',(0.,0.,-1.));
#3703=DIRECTION('',(1.,0.,0.));
#3704=DIRECTION('',(0.,0.,-1.));
#3705=DIRECTION('',(-1.,0.,0.));
#3706=DIRECTION('',(0.,0.,-1.));
#3707=DIRECTION('',(-1.,0.,0.));
#3708=DIRECTION('',(1.,0.,0.));
#3709=DIRECTION('',(0.,0.,-1.));
#3710=DIRECTION('',(-1.,0.,0.));
#3711=DIRECTION('',(-6.02334540269725E-17,-1.,0.));
#3712=DIRECTION('',(0.,0.,-1.));
#3713=DIRECTION('',(-1.,0.,0.));
#3714=DIRECTION('',(0.,0.,-1.));
#3715=DIRECTION('',(1.,0.,0.));
#3716=DIRECTION('',(0.,0.,-1.));
#3717=DIRECTION('',(-1.,0.,0.));
#3718=DIRECTION('',(0.,0.,1.));
#3719=DIRECTION('',(1.,0.,0.));
#3720=DIRECTION('',(0.,0.,-1.));
#3721=DIRECTION('',(-1.,0.,0.));
#3722=DIRECTION('',(0.,0.,1.));
#3723=DIRECTION('',(0.,0.,-1.));
#3724=DIRECTION('',(-1.,0.,0.));
#3725=DIRECTION('',(0.,0.,1.));
#3726=DIRECTION('',(1.,0.,0.));
#3727=DIRECTION('',(0.,0.,1.));
#3728=DIRECTION('',(0.,0.,-1.));
#3729=DIRECTION('',(-1.,0.,0.));
#3730=DIRECTION('',(0.,0.,-1.));
#3731=DIRECTION('',(-1.,0.,0.));
#3732=DIRECTION('',(0.,0.,-1.));
#3733=DIRECTION('',(-1.,0.,0.));
#3734=DIRECTION('',(0.,0.,1.));
#3735=DIRECTION('',(1.,0.,0.));
#3736=DIRECTION('',(0.,0.,1.));
#3737=DIRECTION('',(1.,0.,0.));
#3738=DIRECTION('',(1.12937726300573E-16,-1.,0.));
#3739=DIRECTION('',(1.,1.12937726300573E-16,0.));
#3740=DIRECTION('',(0.,0.,-1.));
#3741=DIRECTION('',(-1.12937726300573E-16,1.,0.));
#3742=DIRECTION('',(-1.,-1.12937726300573E-16,0.));
#3743=DIRECTION('',(-1.,-1.12937726300573E-16,0.));
#3744=DIRECTION('',(0.,0.,-1.));
#3745=DIRECTION('',(0.,0.,1.));
#3746=DIRECTION('',(1.,0.,0.));
#3747=DIRECTION('',(0.,0.,1.));
#3748=DIRECTION('',(1.,0.,0.));
#3749=DIRECTION('',(0.,0.,-1.));
#3750=DIRECTION('',(1.,5.13476407101895E-16,0.));
#3751=DIRECTION('',(0.,0.,1.));
#3752=DIRECTION('',(1.,0.,0.));
#3753=DIRECTION('',(0.,1.,0.));
#3754=DIRECTION('',(0.,0.,1.));
#3755=DIRECTION('',(0.,0.,1.));
#3756=DIRECTION('',(0.,0.,1.));
#3757=DIRECTION('',(1.,-6.02334540269724E-17,0.));
#3758=DIRECTION('',(6.02334540269724E-17,1.,0.));
#3759=DIRECTION('',(0.,0.,-1.));
#3760=DIRECTION('',(0.,0.,1.));
#3761=DIRECTION('',(-1.,6.02334540269724E-17,0.));
#3762=DIRECTION('',(-6.02334540269724E-17,-1.,0.));
#3763=DIRECTION('',(0.,0.,1.));
#3764=DIRECTION('',(0.,0.,-1.));
#3765=DIRECTION('',(0.,-1.,0.));
#3766=DIRECTION('',(0.,0.,-1.));
#3767=DIRECTION('',(0.,0.,1.));
#3768=DIRECTION('',(0.,0.,1.));
#3769=DIRECTION('',(0.,0.,-1.));
#3770=DIRECTION('',(-1.,0.,0.));
#3771=DIRECTION('',(0.,0.,-1.));
#3772=DIRECTION('',(-1.,0.,0.));
#3773=DIRECTION('',(0.,0.,1.));
#3774=DIRECTION('',(1.,0.,0.));
#3775=DIRECTION('',(0.,0.,-1.));
#3776=DIRECTION('',(-1.,0.,0.));
#3777=DIRECTION('',(0.,0.,1.));
#3778=DIRECTION('',(0.,0.,1.));
#3779=DIRECTION('',(0.,0.,1.));
#3780=DIRECTION('',(0.,0.,1.));
#3781=DIRECTION('',(0.,0.,1.));
#3782=DIRECTION('',(0.,0.,1.));
#3783=DIRECTION('',(0.,0.,1.));
#3784=DIRECTION('',(0.,0.,1.));
#3785=DIRECTION('',(0.,0.,-1.));
#3786=DIRECTION('',(-1.,0.,0.));
#3787=DIRECTION('',(0.,0.,-1.));
#3788=DIRECTION('',(-1.,0.,0.));
#3789=DIRECTION('',(0.,0.,-1.));
#3790=DIRECTION('',(-1.,0.,0.));
#3791=DIRECTION('',(0.,0.,1.));
#3792=DIRECTION('',(1.,0.,0.));
#3793=DIRECTION('',(0.,0.,1.));
#3794=DIRECTION('',(1.,0.,0.));
#3795=DIRECTION('',(0.,0.,1.));
#3796=DIRECTION('',(1.,0.,0.));
#3797=DIRECTION('',(0.,0.,1.));
#3798=DIRECTION('',(1.,0.,0.));
#3799=DIRECTION('',(0.,0.,1.));
#3800=DIRECTION('',(1.,0.,0.));
#3801=DIRECTION('',(0.,0.,1.));
#3802=DIRECTION('',(1.,0.,0.));
#3803=DIRECTION('',(0.,0.,1.));
#3804=DIRECTION('',(1.,0.,0.));
#3805=DIRECTION('',(0.,0.,1.));
#3806=DIRECTION('',(1.,0.,0.));
#3807=DIRECTION('',(0.,0.,-1.));
#3808=DIRECTION('',(-1.,0.,0.));
#3809=DIRECTION('',(0.,0.,-1.));
#3810=DIRECTION('',(-1.,0.,0.));
#3811=DIRECTION('',(0.,0.,-1.));
#3812=DIRECTION('',(-1.,0.,0.));
#3813=DIRECTION('',(0.,0.,1.));
#3814=DIRECTION('',(1.,0.,0.));
#3815=DIRECTION('',(0.,0.,1.));
#3816=DIRECTION('',(1.,0.,0.));
#3817=DIRECTION('',(0.,0.,1.));
#3818=DIRECTION('',(1.,0.,0.));
#3819=DIRECTION('',(0.,0.,1.));
#3820=DIRECTION('',(1.,0.,0.));
#3821=DIRECTION('',(0.,0.,1.));
#3822=DIRECTION('',(1.,0.,0.));
#3823=DIRECTION('',(0.,0.,1.));
#3824=DIRECTION('',(1.,0.,0.));
#3825=DIRECTION('',(0.,0.,-1.));
#3826=DIRECTION('',(-1.,0.,0.));
#3827=DIRECTION('',(0.,0.,-1.));
#3828=DIRECTION('',(-1.,0.,0.));
#3829=DIRECTION('',(0.,0.,1.));
#3830=DIRECTION('',(1.,0.,0.));
#3831=DIRECTION('',(0.,0.,1.));
#3832=DIRECTION('',(1.,0.,0.));
#3833=DIRECTION('',(0.,0.,1.));
#3834=DIRECTION('',(1.,0.,0.));
#3835=CARTESIAN_POINT('',(0.,0.,0.));
#3836=CARTESIAN_POINT('',(4.5,-3.75,0.65));
#3837=CARTESIAN_POINT('',(-0.625000000000001,1.375,0.65));
#3838=CARTESIAN_POINT('',(4.75,-4.,0.65));
#3839=CARTESIAN_POINT('',(4.5,-3.75,0.65));
#3840=CARTESIAN_POINT('',(4.75,-4.,10.2));
#3841=CARTESIAN_POINT('',(4.75,-4.,6.15));
#3842=CARTESIAN_POINT('',(2.75,-2.,4.15));
#3843=CARTESIAN_POINT('',(4.5,-3.75,5.9));
#3844=CARTESIAN_POINT('',(4.5,-3.75,0.65));
#3845=CARTESIAN_POINT('',(0.499999999999999,-3.75,5.65));
#3846=CARTESIAN_POINT('',(0.583333333333332,-3.66666666666667,5.81666666666667));
#3847=CARTESIAN_POINT('',(0.249999999999999,-4.,6.15));
#3848=CARTESIAN_POINT('',(0.499999999999999,-3.75,5.9));
#3849=CARTESIAN_POINT('',(0.249999999999999,-4.,10.2));
#3850=CARTESIAN_POINT('',(0.249999999999999,-4.,0.65));
#3851=CARTESIAN_POINT('',(3.625,-0.625000000000001,0.65));
#3852=CARTESIAN_POINT('',(0.499999999999999,-3.75,0.65));
#3853=CARTESIAN_POINT('',(0.499999999999999,-3.75,5.65));
#3854=CARTESIAN_POINT('',(4.5,-3.5,5.65));
#3855=CARTESIAN_POINT('',(4.5,1.99999999999999,0.149999999999995));
#3856=CARTESIAN_POINT('',(4.5,-3.5,5.65));
#3857=CARTESIAN_POINT('',(8.67361737988404E-16,-4.,6.15));
#3858=CARTESIAN_POINT('',(0.499999999999999,-0.500000000000007,2.65));
#3859=CARTESIAN_POINT('',(0.499999999999999,-3.5,5.65));
#3860=CARTESIAN_POINT('',(4.5,-3.5,5.65));
#3861=CARTESIAN_POINT('',(2.5,-4.33680868994202E-16,5.5));
#3862=CARTESIAN_POINT('',(2.5,-4.33680868994202E-16,6.5));
#3863=CARTESIAN_POINT('',(3.6,-4.33680868994202E-16,6.5));
#3864=CARTESIAN_POINT('',(2.5,-4.33680868994202E-16,5.65));
#3865=CARTESIAN_POINT('',(3.6,-4.33680868994202E-16,5.65));
#3866=CARTESIAN_POINT('',(2.5,0.549999999999999,0.65));
#3867=CARTESIAN_POINT('',(0.499999999999999,0.549999999999999,0.65));
#3868=CARTESIAN_POINT('',(2.85,0.549999999999999,0.65));
#3869=CARTESIAN_POINT('',(2.15,0.549999999999999,0.65));
#3870=CARTESIAN_POINT('',(2.15,0.549999999999999,0.65));
#3871=CARTESIAN_POINT('',(2.15,0.549999999999999,0.));
#3872=CARTESIAN_POINT('',(2.15,0.549999999999999,0.));
#3873=CARTESIAN_POINT('',(2.85,0.549999999999999,0.));
#3874=CARTESIAN_POINT('',(2.85,0.549999999999999,0.));
#3875=CARTESIAN_POINT('',(2.15,0.399999999999999,0.65));
#3876=CARTESIAN_POINT('',(2.15,-4.,0.65));
#3877=CARTESIAN_POINT('',(2.15,-4.,0.));
#3878=CARTESIAN_POINT('',(2.15,-4.,0.65));
#3879=CARTESIAN_POINT('',(2.15,0.399999999999999,0.));
#3880=CARTESIAN_POINT('',(2.15,0.399999999999999,0.65));
#3881=CARTESIAN_POINT('',(2.85,0.399999999999999,0.));
#3882=CARTESIAN_POINT('',(2.85,-4.,0.));
#3883=CARTESIAN_POINT('',(2.85,-4.,0.65));
#3884=CARTESIAN_POINT('',(2.85,-4.,0.));
#3885=CARTESIAN_POINT('',(2.85,0.399999999999999,0.65));
#3886=CARTESIAN_POINT('',(2.85,0.399999999999999,0.));
#3887=CARTESIAN_POINT('',(2.5,-4.33680868994202E-16,6.5));
#3888=CARTESIAN_POINT('',(2.5,-4.33680868994202E-16,6.5));
#3889=CARTESIAN_POINT('',(4.5,-4.33680868994202E-16,6.5));
#3890=CARTESIAN_POINT('',(2.5,-4.33680868994202E-16,10.2));
#3891=CARTESIAN_POINT('',(4.5,-4.33680868994202E-16,10.2));
#3892=CARTESIAN_POINT('',(2.5,-4.33680868994202E-16,6.5));
#3893=CARTESIAN_POINT('',(4.5,2.5,0.65));
#3894=CARTESIAN_POINT('',(4.5,2.5,0.65));
#3895=CARTESIAN_POINT('',(4.5,2.5,0.65));
#3896=CARTESIAN_POINT('',(4.5,2.5,5.65));
#3897=CARTESIAN_POINT('',(4.5,2.5,5.65));
#3898=CARTESIAN_POINT('',(4.5,2.5,0.65));
#3899=CARTESIAN_POINT('',(4.5,2.5,5.65));
#3900=CARTESIAN_POINT('',(0.499999999999999,2.5,5.65));
#3901=CARTESIAN_POINT('',(0.499999999999999,2.5,5.65));
#3902=CARTESIAN_POINT('',(4.5,2.5,5.65));
#3903=CARTESIAN_POINT('',(0.499999999999999,2.5,5.65));
#3904=CARTESIAN_POINT('',(0.499999999999999,2.5,0.65));
#3905=CARTESIAN_POINT('',(0.499999999999999,2.5,0.65));
#3906=CARTESIAN_POINT('',(0.499999999999999,2.5,5.65));
#3907=CARTESIAN_POINT('',(5.,2.5,0.));
#3908=CARTESIAN_POINT('',(0.499999999999999,2.5,0.65));
#3909=CARTESIAN_POINT('',(0.499999999999999,2.5,0.65));
#3910=CARTESIAN_POINT('',(0.499999999999999,-4.,0.65));
#3911=CARTESIAN_POINT('',(0.499999999999999,-4.,0.65));
#3912=CARTESIAN_POINT('',(-5.,4.,10.2));
#3913=CARTESIAN_POINT('',(-5.,2.6,7.));
#3914=CARTESIAN_POINT('',(-5.,3.7,7.));
#3915=CARTESIAN_POINT('',(-5.,2.6,7.));
#3916=CARTESIAN_POINT('',(-5.,3.7,6.7));
#3917=CARTESIAN_POINT('',(-5.,4.,6.7));
#3918=CARTESIAN_POINT('',(-5.,4.,10.2));
#3919=CARTESIAN_POINT('',(-5.,4.,0.));
#3920=CARTESIAN_POINT('',(-5.,4.,0.));
#3921=CARTESIAN_POINT('',(-5.,3.2668461709225,0.));
#3922=CARTESIAN_POINT('',(-5.,3.2668461709225,6.5));
#3923=CARTESIAN_POINT('',(-5.,3.2668461709225,6.5));
#3924=CARTESIAN_POINT('',(-5.,3.2668461709225,6.5));
#3925=CARTESIAN_POINT('',(-5.,2.7331538290775,6.5));
#3926=CARTESIAN_POINT('',(-5.,2.7331538290775,6.5));
#3927=CARTESIAN_POINT('',(-5.,2.7331538290775,0.));
#3928=CARTESIAN_POINT('',(-5.,4.,0.));
#3929=CARTESIAN_POINT('',(-5.,-4.,0.));
#3930=CARTESIAN_POINT('',(-5.,-4.,10.2));
#3931=CARTESIAN_POINT('',(-5.,-4.,6.5));
#3932=CARTESIAN_POINT('',(-5.,-3.82568093385214,6.91089494163424));
#3933=CARTESIAN_POINT('',(-5.,-2.4561584913455,10.1390549846856));
#3934=CARTESIAN_POINT('',(-5.,-2.36410031315797,10.1));
#3935=CARTESIAN_POINT('',(-5.,-2.36410031315797,10.2));
#3936=CARTESIAN_POINT('',(-5.,4.,10.2));
#3937=CARTESIAN_POINT('',(-5.,2.5,10.2));
#3938=CARTESIAN_POINT('',(-5.,2.5,10.1));
#3939=CARTESIAN_POINT('',(-5.,2.6,10.1));
#3940=CARTESIAN_POINT('',(-5.,2.6,10.2));
#3941=CARTESIAN_POINT('',(-5.,-4.,10.2));
#3942=CARTESIAN_POINT('',(-5.,-4.,0.));
#3943=CARTESIAN_POINT('',(-2.15,-4.,0.));
#3944=CARTESIAN_POINT('',(-5.,-4.,0.));
#3945=CARTESIAN_POINT('',(5.,-4.,0.));
#3946=CARTESIAN_POINT('',(5.,-4.,10.2));
#3947=CARTESIAN_POINT('',(5.,-4.,6.5));
#3948=CARTESIAN_POINT('',(-5.,-4.,6.5));
#3949=CARTESIAN_POINT('',(-5.,-4.,0.));
#3950=CARTESIAN_POINT('',(-2.85,-4.,0.));
#3951=CARTESIAN_POINT('',(-2.85,-4.,0.65));
#3952=CARTESIAN_POINT('',(-2.85,-4.,0.65));
#3953=CARTESIAN_POINT('',(-4.5,-4.,0.65));
#3954=CARTESIAN_POINT('',(-4.75,-4.,0.65));
#3955=CARTESIAN_POINT('',(-4.75,-4.,10.2));
#3956=CARTESIAN_POINT('',(-4.75,-4.,6.15));
#3957=CARTESIAN_POINT('',(-5.,-4.,6.15));
#3958=CARTESIAN_POINT('',(-0.250000000000001,-4.,6.15));
#3959=CARTESIAN_POINT('',(-0.250000000000002,-4.,10.2));
#3960=CARTESIAN_POINT('',(-0.249999999999999,-4.,0.65));
#3961=CARTESIAN_POINT('',(-4.5,-4.,0.65));
#3962=CARTESIAN_POINT('',(-2.15,-4.,0.65));
#3963=CARTESIAN_POINT('',(-2.15,-4.,0.));
#3964=CARTESIAN_POINT('',(0.,0.0999999999999998,0.));
#3965=CARTESIAN_POINT('',(-2.15,0.399999999999999,0.));
#3966=CARTESIAN_POINT('',(-2.15,0.549999999999999,0.));
#3967=CARTESIAN_POINT('',(-2.85,0.549999999999999,0.));
#3968=CARTESIAN_POINT('',(-2.85,0.549999999999999,0.));
#3969=CARTESIAN_POINT('',(-2.85,0.399999999999999,0.));
#3970=CARTESIAN_POINT('',(-5.5,2.5,0.));
#3971=CARTESIAN_POINT('',(-5.5,2.5,0.));
#3972=CARTESIAN_POINT('',(-5.5,2.5,0.));
#3973=CARTESIAN_POINT('',(-5.5,3.5,0.));
#3974=CARTESIAN_POINT('',(-5.5,3.5,0.));
#3975=CARTESIAN_POINT('',(5.,4.,0.));
#3976=CARTESIAN_POINT('',(5.,4.,0.));
#3977=CARTESIAN_POINT('',(5.,-3.8,0.));
#3978=CARTESIAN_POINT('',(5.,3.2668461709225,0.));
#3979=CARTESIAN_POINT('',(5.,3.2668461709225,0.));
#3980=CARTESIAN_POINT('',(4.50153071712984,3.49928621487988,0.));
#3981=CARTESIAN_POINT('',(4.50153071712984,3.49928621487988,0.));
#3982=CARTESIAN_POINT('',(4.50153071712984,2.49928621487988,0.));
#3983=CARTESIAN_POINT('',(4.50153071712984,2.49928621487988,0.));
#3984=CARTESIAN_POINT('',(5.,2.73172625883727,0.));
#3985=CARTESIAN_POINT('',(5.,-3.8,0.));
#3986=CARTESIAN_POINT('',(-4.5,2.5,0.65));
#3987=CARTESIAN_POINT('',(-2.85,0.399999999999999,0.65));
#3988=CARTESIAN_POINT('',(-2.85,0.549999999999999,0.65));
#3989=CARTESIAN_POINT('',(-4.5,0.549999999999999,0.65));
#3990=CARTESIAN_POINT('',(-2.15,0.549999999999999,0.65));
#3991=CARTESIAN_POINT('',(-2.15,0.399999999999999,0.65));
#3992=CARTESIAN_POINT('',(-5.625,1.375,0.65));
#3993=CARTESIAN_POINT('',(-0.5,-3.75,0.65));
#3994=CARTESIAN_POINT('',(-0.5,2.5,0.65));
#3995=CARTESIAN_POINT('',(-0.5,2.5,0.65));
#3996=CARTESIAN_POINT('',(-4.5,2.5,0.65));
#3997=CARTESIAN_POINT('',(-4.5,2.5,0.65));
#3998=CARTESIAN_POINT('',(-4.5,2.5,0.65));
#3999=CARTESIAN_POINT('',(-4.5,-3.75,0.65));
#4000=CARTESIAN_POINT('',(-1.375,-0.625000000000001,0.65));
#4001=CARTESIAN_POINT('',(0.,0.0999999999999998,10.2));
#4002=CARTESIAN_POINT('',(-2.5,-2.16840434497101E-16,10.2));
#4003=CARTESIAN_POINT('',(-0.500000000000001,-2.16840434497101E-16,10.2));
#4004=CARTESIAN_POINT('',(0.,-2.36410031315797,10.2));
#4005=CARTESIAN_POINT('',(5.,-2.36410031315797,10.2));
#4006=CARTESIAN_POINT('',(5.,-3.8,10.2));
#4007=CARTESIAN_POINT('',(5.,2.5,10.2));
#4008=CARTESIAN_POINT('',(0.,2.5,10.2));
#4009=CARTESIAN_POINT('',(5.,-3.8,10.2));
#4010=CARTESIAN_POINT('',(5.,4.,10.2));
#4011=CARTESIAN_POINT('',(5.,4.,6.7));
#4012=CARTESIAN_POINT('',(5.,3.7,6.7));
#4013=CARTESIAN_POINT('',(5.,3.7,7.));
#4014=CARTESIAN_POINT('',(5.,2.6,7.));
#4015=CARTESIAN_POINT('',(5.,2.6,7.));
#4016=CARTESIAN_POINT('',(5.,2.6,10.2));
#4017=CARTESIAN_POINT('',(5.,2.6,10.1));
#4018=CARTESIAN_POINT('',(5.,2.5,10.1));
#4019=CARTESIAN_POINT('',(5.,-2.36410031315797,10.1));
#4020=CARTESIAN_POINT('',(5.,-2.4561584913455,10.1390549846856));
#4021=CARTESIAN_POINT('',(5.,-3.82568093385214,6.91089494163424));
#4022=CARTESIAN_POINT('',(5.,2.73172625883727,6.5));
#4023=CARTESIAN_POINT('',(5.,2.73172625883727,6.5));
#4024=CARTESIAN_POINT('',(5.,-3.8,6.5));
#4025=CARTESIAN_POINT('',(5.,3.2668461709225,6.5));
#4026=CARTESIAN_POINT('',(5.,3.2668461709225,6.5));
#4027=CARTESIAN_POINT('',(5.,4.,10.2));
#4028=CARTESIAN_POINT('',(5.,4.,6.7));
#4029=CARTESIAN_POINT('',(-5.,-3.82568093385214,6.91089494163424));
#4030=CARTESIAN_POINT('',(-5.,-2.4561584913455,10.1390549846856));
#4031=CARTESIAN_POINT('',(-5.,2.6,7.));
#4032=CARTESIAN_POINT('',(-5.,3.7,7.));
#4033=CARTESIAN_POINT('',(-5.,2.6,7.));
#4034=CARTESIAN_POINT('',(-5.,2.6,10.2));
#4035=CARTESIAN_POINT('',(-5.,2.6,10.1));
#4036=CARTESIAN_POINT('',(-0.5,2.5,0.65));
#4037=CARTESIAN_POINT('',(-0.5,-3.75,0.65));
#4038=CARTESIAN_POINT('',(-0.500000000000001,-3.75,5.9));
#4039=CARTESIAN_POINT('',(-0.499999999999999,1.99999999999999,0.149999999999995));
#4040=CARTESIAN_POINT('',(-0.500000000000001,-3.5,5.65));
#4041=CARTESIAN_POINT('',(-0.500000000000001,2.5,5.65));
#4042=CARTESIAN_POINT('',(-0.500000000000001,2.5,5.65));
#4043=CARTESIAN_POINT('',(-0.5,2.5,0.65));
#4044=CARTESIAN_POINT('',(-0.500000000000001,2.5,5.65));
#4045=CARTESIAN_POINT('',(-2.5,-2.16840434497101E-16,5.65));
#4046=CARTESIAN_POINT('',(-1.4,-2.16840434497101E-16,5.65));
#4047=CARTESIAN_POINT('',(-0.500000000000001,-3.5,5.65));
#4048=CARTESIAN_POINT('',(-4.5,-3.5,5.65));
#4049=CARTESIAN_POINT('',(-4.5,2.5,5.65));
#4050=CARTESIAN_POINT('',(-4.5,2.5,5.65));
#4051=CARTESIAN_POINT('',(-0.500000000000001,2.5,5.65));
#4052=CARTESIAN_POINT('',(-4.5,2.5,5.65));
#4053=CARTESIAN_POINT('',(-4.5,-0.500000000000007,2.65));
#4054=CARTESIAN_POINT('',(-4.5,-3.75,5.9));
#4055=CARTESIAN_POINT('',(-4.5,-3.75,5.65));
#4056=CARTESIAN_POINT('',(-4.5,2.5,5.65));
#4057=CARTESIAN_POINT('',(0.,2.5,0.));
#4058=CARTESIAN_POINT('',(-2.5,0.549999999999999,0.65));
#4059=CARTESIAN_POINT('',(-2.85,0.549999999999999,0.65));
#4060=CARTESIAN_POINT('',(-2.15,0.549999999999999,0.));
#4061=CARTESIAN_POINT('',(-2.85,0.399999999999999,0.65));
#4062=CARTESIAN_POINT('',(-2.15,0.399999999999999,0.));
#4063=CARTESIAN_POINT('',(-2.5,-2.16840434497101E-16,6.5));
#4064=CARTESIAN_POINT('',(-2.5,-2.16840434497101E-16,6.5));
#4065=CARTESIAN_POINT('',(-0.500000000000001,-2.16840434497101E-16,6.5));
#4066=CARTESIAN_POINT('',(-2.5,-2.16840434497101E-16,6.5));
#4067=CARTESIAN_POINT('',(-2.5,-2.16840434497101E-16,6.5));
#4068=CARTESIAN_POINT('',(-1.4,-2.16840434497101E-16,6.5));
#4069=CARTESIAN_POINT('',(-2.5,-2.16840434497101E-16,5.5));
#4070=CARTESIAN_POINT('',(-5.5,2.5,6.5));
#4071=CARTESIAN_POINT('',(-5.5,2.5,6.5));
#4072=CARTESIAN_POINT('',(-5.5,2.5,6.5));
#4073=CARTESIAN_POINT('',(-5.5,2.5,6.5));
#4074=CARTESIAN_POINT('',(-5.5,3.5,6.5));
#4075=CARTESIAN_POINT('',(-5.5,3.5,6.5));
#4076=CARTESIAN_POINT('',(-5.5,2.5,6.5));
#4077=CARTESIAN_POINT('',(-5.5,2.5,6.5));
#4078=CARTESIAN_POINT('',(-5.5,3.5,6.5));
#4079=CARTESIAN_POINT('',(-5.5,3.5,6.5));
#4080=CARTESIAN_POINT('',(0.,0.,6.5));
#4081=CARTESIAN_POINT('',(4.50153071712984,2.49928621487988,6.5));
#4082=CARTESIAN_POINT('',(4.50153071712984,2.49928621487988,6.5));
#4083=CARTESIAN_POINT('',(4.50153071712984,2.49928621487988,6.5));
#4084=CARTESIAN_POINT('',(4.50153071712984,2.49928621487988,6.5));
#4085=CARTESIAN_POINT('',(4.50153071712984,3.49928621487988,6.5));
#4086=CARTESIAN_POINT('',(4.50153071712984,3.49928621487988,6.5));
#4087=CARTESIAN_POINT('',(4.50153071712984,3.49928621487988,6.5));
#4088=CARTESIAN_POINT('',(4.50153071712984,3.49928621487988,6.5));
#4089=CARTESIAN_POINT('',(5.,3.2668461709225,6.5));
#4090=CARTESIAN_POINT('',(5.,3.2668461709225,6.5));
#4091=CARTESIAN_POINT('',(0.,0.,6.5));
#4092=CARTESIAN_POINT('',(-5.,2.5,10.1));
#4093=CARTESIAN_POINT('',(0.,-2.36410031315797,10.1));
#4094=CARTESIAN_POINT('',(5.,3.7,6.7));
#4095=CARTESIAN_POINT('',(-0.500000000000001,-3.5,5.65));
#4096=CARTESIAN_POINT('',(-2.25,-2.,4.15));
#4097=CARTESIAN_POINT('',(-4.41666666666667,-3.66666666666667,5.81666666666667));
#4098=CARTESIAN_POINT('',(-0.5,-3.75,0.65));
#4099=CARTESIAN_POINT('',(-4.5,-3.75,5.65));
#4100=CARTESIAN_POINT('',(0.,0.,0.));
#4101=CARTESIAN_POINT('',(0.,0.,0.));
#4102=CARTESIAN_POINT('',(2.,2.,0.));
#4103=CARTESIAN_POINT('',(1.1,2.,0.));
#4104=CARTESIAN_POINT('',(-1.1,2.,0.));
#4105=CARTESIAN_POINT('',(1.1,0.,0.));
#4106=CARTESIAN_POINT('',(1.1,-2.,0.));
#4107=CARTESIAN_POINT('',(-2.,-2.,0.));
#4108=CARTESIAN_POINT('',(-1.1,-2.,0.));
#4109=CARTESIAN_POINT('',(-1.1,0.,0.));
#4110=CARTESIAN_POINT('',(-0.3,0.5,0.));
#4111=CARTESIAN_POINT('',(-0.3,0.5,0.));
#4112=CARTESIAN_POINT('',(0.3,0.5,0.));
#4113=CARTESIAN_POINT('',(-0.3,-0.5,0.));
#4114=CARTESIAN_POINT('',(-0.3,-0.5,0.));
#4115=CARTESIAN_POINT('',(0.3,-0.5,0.));
#4116=CARTESIAN_POINT('',(0.3,-0.5,0.));
#4117=CARTESIAN_POINT('',(0.3,0.5,0.));
#4118=CARTESIAN_POINT('',(1.4,2.,3.29));
#4119=CARTESIAN_POINT('',(0.,0.,3.29));
#4120=CARTESIAN_POINT('',(1.05,0.,3.29));
#4121=CARTESIAN_POINT('',(1.1,-2.,3.29));
#4122=CARTESIAN_POINT('',(1.1,2.,3.29));
#4123=CARTESIAN_POINT('',(1.1,-2.,3.29));
#4124=CARTESIAN_POINT('',(1.4,-2.,3.29));
#4125=CARTESIAN_POINT('',(-1.15,-2.,3.29));
#4126=CARTESIAN_POINT('',(-1.15,2.,3.29));
#4127=CARTESIAN_POINT('',(-1.15,2.,3.29));
#4128=CARTESIAN_POINT('',(1.4,2.,3.29));
#4129=CARTESIAN_POINT('',(-1.15,2.,3.29));
#4130=CARTESIAN_POINT('',(-1.15,2.,3.89));
#4131=CARTESIAN_POINT('',(-1.15,2.,3.89));
#4132=CARTESIAN_POINT('',(-1.15,-2.,3.89));
#4133=CARTESIAN_POINT('',(-1.15,2.,3.29));
#4134=CARTESIAN_POINT('',(-1.15,-2.,3.29));
#4135=CARTESIAN_POINT('',(-0.999999999999997,2.,3.89));
#4136=CARTESIAN_POINT('',(0.,0.,3.89));
#4137=CARTESIAN_POINT('',(-1.05,0.,3.89));
#4138=CARTESIAN_POINT('',(1.1,2.,3.89));
#4139=CARTESIAN_POINT('',(1.1,-2.,3.89));
#4140=CARTESIAN_POINT('',(1.1,2.,3.89));
#4141=CARTESIAN_POINT('',(-0.999999999999997,2.,3.89));
#4142=CARTESIAN_POINT('',(-0.999999999999997,-2.,3.89));
#4143=CARTESIAN_POINT('',(1.6,-2.,4.5));
#4144=CARTESIAN_POINT('',(1.6,-2.,4.5));
#4145=CARTESIAN_POINT('',(1.6,-2.,4.5));
#4146=CARTESIAN_POINT('',(1.6,-2.,3.9));
#4147=CARTESIAN_POINT('',(1.6,-2.,3.9));
#4148=CARTESIAN_POINT('',(1.6,2.,3.9));
#4149=CARTESIAN_POINT('',(1.6,2.,4.5));
#4150=CARTESIAN_POINT('',(1.6,2.,4.5));
#4151=CARTESIAN_POINT('',(1.6,-2.,4.5));
#4152=CARTESIAN_POINT('',(-2.,-2.,4.5));
#4153=CARTESIAN_POINT('',(1.1,-2.,2.99));
#4154=CARTESIAN_POINT('',(1.4,-2.,2.99));
#4155=CARTESIAN_POINT('',(1.4,-2.,0.6));
#4156=CARTESIAN_POINT('',(1.4,-2.,0.9));
#4157=CARTESIAN_POINT('',(1.1,-2.,0.9));
#4158=CARTESIAN_POINT('',(1.1,-2.,0.6));
#4159=CARTESIAN_POINT('',(-1.4,-2.,0.6));
#4160=CARTESIAN_POINT('',(-1.1,-2.,0.6));
#4161=CARTESIAN_POINT('',(-1.1,-2.,0.9));
#4162=CARTESIAN_POINT('',(-1.4,-2.,0.9));
#4163=CARTESIAN_POINT('',(-1.4,-2.,3.9));
#4164=CARTESIAN_POINT('',(-1.4,-2.,3.6));
#4165=CARTESIAN_POINT('',(-1.1,-2.,3.6));
#4166=CARTESIAN_POINT('',(-1.1,-2.,3.9));
#4167=CARTESIAN_POINT('',(2.,-2.,3.9));
#4168=CARTESIAN_POINT('',(-2.,-2.,4.5));
#4169=CARTESIAN_POINT('',(-1.1,-2.,4.5));
#4170=CARTESIAN_POINT('',(-1.1,-2.,3.6));
#4171=CARTESIAN_POINT('',(-2.,-2.,3.6));
#4172=CARTESIAN_POINT('',(-2.,-2.,4.5));
#4173=CARTESIAN_POINT('',(-2.,-2.,0.9));
#4174=CARTESIAN_POINT('',(-1.1,-2.,0.9));
#4175=CARTESIAN_POINT('',(1.1,-2.,0.9));
#4176=CARTESIAN_POINT('',(2.,-2.,0.9));
#4177=CARTESIAN_POINT('',(2.,-2.,4.5));
#4178=CARTESIAN_POINT('',(2.,-2.,2.99));
#4179=CARTESIAN_POINT('',(1.1,-2.,2.99));
#4180=CARTESIAN_POINT('',(2.,-2.,4.5));
#4181=CARTESIAN_POINT('',(2.,-2.,0.9));
#4182=CARTESIAN_POINT('',(2.,2.,0.9));
#4183=CARTESIAN_POINT('',(2.,2.,4.5));
#4184=CARTESIAN_POINT('',(2.,2.,2.99));
#4185=CARTESIAN_POINT('',(2.,-2.,2.99));
#4186=CARTESIAN_POINT('',(2.,2.,4.5));
#4187=CARTESIAN_POINT('',(1.1,2.,2.99));
#4188=CARTESIAN_POINT('',(1.1,2.,0.9));
#4189=CARTESIAN_POINT('',(-1.1,2.,0.9));
#4190=CARTESIAN_POINT('',(-2.,2.,0.9));
#4191=CARTESIAN_POINT('',(-2.,2.,4.5));
#4192=CARTESIAN_POINT('',(-2.,2.,3.6));
#4193=CARTESIAN_POINT('',(-1.1,2.,3.6));
#4194=CARTESIAN_POINT('',(-1.1,2.,4.5));
#4195=CARTESIAN_POINT('',(2.,2.,4.5));
#4196=CARTESIAN_POINT('',(2.,2.,3.9));
#4197=CARTESIAN_POINT('',(-1.1,2.,3.9));
#4198=CARTESIAN_POINT('',(-1.1,2.,3.6));
#4199=CARTESIAN_POINT('',(-1.4,2.,3.6));
#4200=CARTESIAN_POINT('',(-1.4,2.,3.9));
#4201=CARTESIAN_POINT('',(-1.4,2.,0.9));
#4202=CARTESIAN_POINT('',(-1.1,2.,0.9));
#4203=CARTESIAN_POINT('',(-1.1,2.,0.6));
#4204=CARTESIAN_POINT('',(-1.4,2.,0.6));
#4205=CARTESIAN_POINT('',(1.1,2.,0.6));
#4206=CARTESIAN_POINT('',(1.1,2.,0.9));
#4207=CARTESIAN_POINT('',(1.4,2.,0.9));
#4208=CARTESIAN_POINT('',(1.4,2.,0.6));
#4209=CARTESIAN_POINT('',(1.4,2.,2.99));
#4210=CARTESIAN_POINT('',(1.1,2.,2.99));
#4211=CARTESIAN_POINT('',(-2.,2.,4.5));
#4212=CARTESIAN_POINT('',(-2.,2.,0.9));
#4213=CARTESIAN_POINT('',(-2.,2.,3.6));
#4214=CARTESIAN_POINT('',(0.,0.,4.5));
#4215=CARTESIAN_POINT('',(0.,0.,4.5));
#4216=CARTESIAN_POINT('',(1.05,0.,4.5));
#4217=CARTESIAN_POINT('',(-1.1,-2.,4.5));
#4218=CARTESIAN_POINT('',(2.,2.,3.9));
#4219=CARTESIAN_POINT('',(0.,0.,3.9));
#4220=CARTESIAN_POINT('',(1.05,0.,3.9));
#4221=CARTESIAN_POINT('',(-1.1,2.,3.9));
#4222=CARTESIAN_POINT('',(-1.4,2.,3.9));
#4223=CARTESIAN_POINT('',(-1.4,2.,0.9));
#4224=CARTESIAN_POINT('',(-1.4,-2.,3.6));
#4225=CARTESIAN_POINT('',(-1.4,2.,0.6));
#4226=CARTESIAN_POINT('',(1.1,2.,0.6));
#4227=CARTESIAN_POINT('',(-1.1,-2.,0.6));
#4228=CARTESIAN_POINT('',(1.4,2.,0.6));
#4229=CARTESIAN_POINT('',(1.4,2.,2.99));
#4230=CARTESIAN_POINT('',(1.4,-2.,0.9));
#4231=CARTESIAN_POINT('',(-1.1,2.,3.6));
#4232=CARTESIAN_POINT('',(-1.1,2.,0.9));
#4233=CARTESIAN_POINT('',(1.1,2.,0.9));
#4234=CARTESIAN_POINT('',(1.1,2.,2.99));
#4235=CARTESIAN_POINT('',(1.1,-2.,2.99));
#4236=CARTESIAN_POINT('',(-1.1,0.,3.6));
#4237=CARTESIAN_POINT('',(-1.1,2.,0.9));
#4238=CARTESIAN_POINT('',(1.1,-2.,0.9));
#4239=CARTESIAN_POINT('',(0.,0.,3.04));
#4240=CARTESIAN_POINT('',(0.,0.,3.));
#4241=CARTESIAN_POINT('',(-0.3,0.5,-4.65));
#4242=CARTESIAN_POINT('',(0.3,0.5,-4.65));
#4243=CARTESIAN_POINT('',(0.3,0.5,-4.15));
#4244=CARTESIAN_POINT('',(-0.3,0.5,-4.15));
#4245=CARTESIAN_POINT('',(-0.3,0.5,-4.15));
#4246=CARTESIAN_POINT('',(-0.3,0.5,-4.65));
#4247=CARTESIAN_POINT('',(0.3,0.5,-4.65));
#4248=CARTESIAN_POINT('',(0.3,-1.0842021724855E-16,-4.15));
#4249=CARTESIAN_POINT('',(0.3,-0.5,-4.15));
#4250=CARTESIAN_POINT('',(0.3,-0.5,-4.65));
#4251=CARTESIAN_POINT('',(0.3,-0.5,-4.65));
#4252=CARTESIAN_POINT('',(-0.3,-0.5,-4.65));
#4253=CARTESIAN_POINT('',(-0.3,-0.5,-4.15));
#4254=CARTESIAN_POINT('',(0.3,-0.5,-4.15));
#4255=CARTESIAN_POINT('',(-0.3,-0.5,-4.65));
#4256=CARTESIAN_POINT('',(-0.3,-1.0842021724855E-16,-4.15));
#4257=CARTESIAN_POINT('',(0.,-1.0842021724855E-16,-4.15));
#4258=CARTESIAN_POINT('',(0.,0.,0.65));
#4259=CARTESIAN_POINT('',(1.1,1.09903810567666,-2.61905989232415));
#4260=CARTESIAN_POINT('',(1.1,1.09903810567666,-2.61905989232415));
#4261=CARTESIAN_POINT('',(0.950000000000001,1.09903810567666,-2.61905989232415));
#4262=CARTESIAN_POINT('',(-0.950000000000001,1.09903810567666,-2.61905989232415));
#4263=CARTESIAN_POINT('',(-0.950000000000001,1.09903810567666,-2.41905989232415));
#4264=CARTESIAN_POINT('',(-0.950000000000001,1.09903810567666,-2.41905989232415));
#4265=CARTESIAN_POINT('',(1.1,1.09903810567666,-2.41905989232415));
#4266=CARTESIAN_POINT('',(0.950000000000001,1.09903810567666,-2.41905989232415));
#4267=CARTESIAN_POINT('',(0.950000000000001,1.09903810567666,-2.41905989232415));
#4268=CARTESIAN_POINT('',(0.950000000000001,6.05932407827476E-16,-2.41905989232415));
#4269=CARTESIAN_POINT('',(0.950000000000001,6.05932407827476E-16,-2.41905989232415));
#4270=CARTESIAN_POINT('',(0.950000000000001,-1.07416697508024,-2.41905989232415));
#4271=CARTESIAN_POINT('',(0.950000000000001,-1.07416697508023,-2.41905989232415));
#4272=CARTESIAN_POINT('',(0.95,-1.07416697508024,-2.61905989232415));
#4273=CARTESIAN_POINT('',(0.950000000000001,6.63121202728681E-16,-2.61905989232415));
#4274=CARTESIAN_POINT('',(0.,6.05932407827476E-16,-2.41905989232415));
#4275=CARTESIAN_POINT('',(-0.950000000000001,6.05932407827476E-16,-2.41905989232415));
#4276=CARTESIAN_POINT('',(-0.950000000000001,-1.07416697508023,-2.41905989232415));
#4277=CARTESIAN_POINT('',(1.1,-1.07416697508023,-2.41905989232415));
#4278=CARTESIAN_POINT('',(-0.950000000000001,6.05932407827476E-16,-2.41905989232415));
#4279=CARTESIAN_POINT('',(-0.950000000000001,6.63121202728681E-16,-2.61905989232415));
#4280=CARTESIAN_POINT('',(-0.950000000000001,-1.07416697508024,-2.61905989232415));
#4281=CARTESIAN_POINT('',(-0.950000000000001,-1.07416697508023,-2.61905989232415));
#4282=CARTESIAN_POINT('',(0.,6.63121202728681E-16,-2.61905989232415));
#4283=CARTESIAN_POINT('',(1.1,-1.07416697508023,-2.61905989232415));
#4284=CARTESIAN_POINT('',(0.950000000000001,-1.07416697508024,-2.31905989232415));
#4285=CARTESIAN_POINT('',(0.950000000000001,-1.07416697508024,-2.31905989232415));
#4286=CARTESIAN_POINT('',(0.950000000000001,-1.12416697508023,-2.40566243270259));
#4287=CARTESIAN_POINT('',(0.950000000000001,-1.12416697508023,-2.40566243270259));
#4288=CARTESIAN_POINT('',(0.950000000000001,-1.22416697508023,-2.57886751345948));
#4289=CARTESIAN_POINT('',(0.950000000000001,-1.07416697508024,-2.31905989232415));
#4290=CARTESIAN_POINT('',(-1.1,-1.07416697508024,-2.31905989232415));
#4291=CARTESIAN_POINT('',(-0.950000000000001,-1.07416697508024,-2.31905989232415));
#4292=CARTESIAN_POINT('',(-0.950000000000001,-1.12416697508023,-2.40566243270259));
#4293=CARTESIAN_POINT('',(-1.1,-1.12416697508023,-2.40566243270259));
#4294=CARTESIAN_POINT('',(-0.950000000000001,-1.07416697508024,-2.31905989232415));
#4295=CARTESIAN_POINT('',(-0.950000000000001,-1.22416697508023,-2.57886751345948));
#4296=CARTESIAN_POINT('',(-0.950000000000001,-1.22416697508023,-2.57886751345948));
#4297=CARTESIAN_POINT('',(-0.950000000000001,-1.07416697508024,-2.31905989232415));
#4298=CARTESIAN_POINT('',(-1.1,-1.07416697508024,-2.31905989232415));
#4299=CARTESIAN_POINT('',(-1.1,-1.22416697508023,-2.57886751345948));
#4300=CARTESIAN_POINT('',(1.12068660801366E-16,-1.81782032302755,-2.23612159321677));
#4301=CARTESIAN_POINT('',(1.12068660801366E-16,-2.65,-1.75566243270259));
#4302=CARTESIAN_POINT('',(0.95,-2.65,-1.75566243270259));
#4303=CARTESIAN_POINT('',(-0.950000000000001,-2.65,-1.75566243270259));
#4304=CARTESIAN_POINT('',(-0.950000000000001,-1.81782032302755,-2.23612159321677));
#4305=CARTESIAN_POINT('',(0.950000000000001,-1.81782032302755,-2.23612159321677));
#4306=CARTESIAN_POINT('',(-0.950000000000001,6.05932407827476E-16,-2.41905989232415));
#4307=CARTESIAN_POINT('',(-0.95,-2.27475952641916,-1.10572686740437));
#4308=CARTESIAN_POINT('',(-0.950000000000001,-2.55,-1.58245735194571));
#4309=CARTESIAN_POINT('',(-0.950000000000001,-1.71782032302755,-2.06291651245989));
#4310=CARTESIAN_POINT('',(1.12068660801366E-16,-1.71782032302755,-2.06291651245989));
#4311=CARTESIAN_POINT('',(1.12068660801366E-16,-2.55,-1.58245735194571));
#4312=CARTESIAN_POINT('',(0.95,-2.55,-1.58245735194571));
#4313=CARTESIAN_POINT('',(0.950000000000001,-1.71782032302755,-2.06291651245989));
#4314=CARTESIAN_POINT('',(0.950000000000001,6.05932407827476E-16,-2.41905989232415));
#4315=CARTESIAN_POINT('',(0.950000000000001,-1.35717967697244,0.483568051838733));
#4316=CARTESIAN_POINT('',(-1.1,-2.5,-1.49585481156726));
#4317=CARTESIAN_POINT('',(0.95,-2.5,-1.49585481156726));
#4318=CARTESIAN_POINT('',(0.95,-2.8,-1.49585481156726));
#4319=CARTESIAN_POINT('',(-0.75,-2.8,-1.49585481156726));
#4320=CARTESIAN_POINT('',(-0.95,-2.8,-1.49585481156726));
#4321=CARTESIAN_POINT('',(-0.950000000000001,-2.5,-1.49585481156726));
#4322=CARTESIAN_POINT('',(0.95,-2.5,-1.49585481156726));
#4323=CARTESIAN_POINT('',(0.95,-2.5,-1.49585481156726));
#4324=CARTESIAN_POINT('',(0.95,-2.6,-1.49585481156726));
#4325=CARTESIAN_POINT('',(0.95,-2.6,-1.49585481156726));
#4326=CARTESIAN_POINT('',(-1.1,-2.5,-1.49585481156726));
#4327=CARTESIAN_POINT('',(-0.950000000000001,-2.5,-1.49585481156726));
#4328=CARTESIAN_POINT('',(-0.95,-2.6,-1.49585481156726));
#4329=CARTESIAN_POINT('',(-1.1,-2.6,-1.49585481156726));
#4330=CARTESIAN_POINT('',(-0.950000000000001,-2.5,-1.49585481156726));
#4331=CARTESIAN_POINT('',(-0.95,-2.8,-1.49585481156726));
#4332=CARTESIAN_POINT('',(0.,0.,5.42101086242752E-17));
#4333=CARTESIAN_POINT('',(0.,0.,0.204145188432737));
#4334=CARTESIAN_POINT('',(1.15,0.,0.204145188432737));
#4335=CARTESIAN_POINT('',(0.,0.,0.0041451884327374));
#4336=CARTESIAN_POINT('',(1.15,0.,0.0041451884327374));
#4337=CARTESIAN_POINT('',(-1.4,0.,0.0041451884327374));
#4338=CARTESIAN_POINT('',(-1.4,2.9,0.0041451884327374));
#4339=CARTESIAN_POINT('',(-1.4,2.9,0.204145188432737));
#4340=CARTESIAN_POINT('',(-1.4,2.9,0.0041451884327374));
#4341=CARTESIAN_POINT('',(-1.4,0.,0.0041451884327374));
#4342=CARTESIAN_POINT('',(-1.4,1.9,0.0041451884327374));
#4343=CARTESIAN_POINT('',(-1.4,1.9,0.0041451884327374));
#4344=CARTESIAN_POINT('',(-1.4,1.9,0.204145188432737));
#4345=CARTESIAN_POINT('',(-1.4,0.,0.204145188432737));
#4346=CARTESIAN_POINT('',(1.1,2.9,-0.0999999999999999));
#4347=CARTESIAN_POINT('',(1.1,2.9,0.204145188432737));
#4348=CARTESIAN_POINT('',(1.4,2.9,0.204145188432737));
#4349=CARTESIAN_POINT('',(1.4,2.9,0.0041451884327374));
#4350=CARTESIAN_POINT('',(1.4,2.9,0.0041451884327374));
#4351=CARTESIAN_POINT('',(1.1,2.9,0.0041451884327374));
#4352=CARTESIAN_POINT('',(1.4,0.,0.0041451884327374));
#4353=CARTESIAN_POINT('',(1.4,1.9,0.0041451884327374));
#4354=CARTESIAN_POINT('',(1.4,1.9,0.204145188432737));
#4355=CARTESIAN_POINT('',(1.4,1.9,0.0041451884327374));
#4356=CARTESIAN_POINT('',(1.4,0.,0.0041451884327374));
#4357=CARTESIAN_POINT('',(1.4,0.,0.204145188432737));
#4358=CARTESIAN_POINT('',(0.,1.9,0.0041451884327374));
#4359=CARTESIAN_POINT('',(0.,1.9,0.0041451884327374));
#4360=CARTESIAN_POINT('',(-1.95,1.9,0.0041451884327374));
#4361=CARTESIAN_POINT('',(-1.95,1.9,0.0041451884327374));
#4362=CARTESIAN_POINT('',(-1.95,1.9,0.204145188432737));
#4363=CARTESIAN_POINT('',(0.,1.9,0.204145188432737));
#4364=CARTESIAN_POINT('',(0.,1.9,0.0041451884327374));
#4365=CARTESIAN_POINT('',(1.95,1.9,0.0041451884327374));
#4366=CARTESIAN_POINT('',(1.95,1.9,0.204145188432737));
#4367=CARTESIAN_POINT('',(1.95,1.9,0.0041451884327374));
#4368=CARTESIAN_POINT('',(0.,1.9,0.0041451884327374));
#4369=CARTESIAN_POINT('',(0.,1.9,0.204145188432737));
#4370=CARTESIAN_POINT('',(0.,0.,0.0041451884327374));
#4371=CARTESIAN_POINT('',(1.95,-1.9,0.0041451884327374));
#4372=CARTESIAN_POINT('',(1.95,-2.5,0.00414518843273753));
#4373=CARTESIAN_POINT('',(-1.1,-2.5,0.0041451884327375));
#4374=CARTESIAN_POINT('',(-1.95,-2.5,0.00414518843273753));
#4375=CARTESIAN_POINT('',(-1.95,1.9,0.0041451884327374));
#4376=CARTESIAN_POINT('',(0.,0.,0.204145188432737));
#4377=CARTESIAN_POINT('',(-1.95,1.9,0.204145188432737));
#4378=CARTESIAN_POINT('',(-1.95,-2.5,0.204145188432738));
#4379=CARTESIAN_POINT('',(-1.1,-2.5,0.204145188432738));
#4380=CARTESIAN_POINT('',(1.95,-2.5,0.204145188432738));
#4381=CARTESIAN_POINT('',(1.95,-1.9,0.204145188432737));
#4382=CARTESIAN_POINT('',(-1.95,1.9,-0.0999999999999999));
#4383=CARTESIAN_POINT('',(-1.95,-2.5,-0.0999999999999998));
#4384=CARTESIAN_POINT('',(1.95,-1.9,-0.0999999999999999));
#4385=CARTESIAN_POINT('',(1.95,-2.5,-0.0999999999999998));
#4386=CARTESIAN_POINT('',(-1.95,-2.5,-0.0958548115672625));
#4387=CARTESIAN_POINT('',(-1.95,-2.5,-0.0958548115672625));
#4388=CARTESIAN_POINT('',(-1.95,-2.6,-0.0958548115672625));
#4389=CARTESIAN_POINT('',(-1.95,-2.6,-0.0958548115672624));
#4390=CARTESIAN_POINT('',(-1.95,-2.8,-0.0958548115672625));
#4391=CARTESIAN_POINT('',(-1.95,-2.5,-0.0958548115672625));
#4392=CARTESIAN_POINT('',(1.95,-2.5,-0.0958548115672625));
#4393=CARTESIAN_POINT('',(1.95,-2.8,-0.0958548115672625));
#4394=CARTESIAN_POINT('',(1.95,-2.6,-0.0958548115672625));
#4395=CARTESIAN_POINT('',(1.95,-2.8,-0.0958548115672624));
#4396=CARTESIAN_POINT('',(1.95,-2.5,-0.0958548115672625));
#4397=CARTESIAN_POINT('',(1.95,-2.5,-0.0958548115672625));
#4398=CARTESIAN_POINT('',(-1.1,-2.5,-0.0958548115672625));
#4399=CARTESIAN_POINT('',(1.1,-2.8,-0.0958548115672625));
#4400=CARTESIAN_POINT('',(-1.1,-2.5,-0.0958548115672625));
#4401=CARTESIAN_POINT('',(1.1,-2.6,-0.0958548115672625));
#4402=CARTESIAN_POINT('',(1.4094999949137,-2.6,-0.852554818688076));
#4403=CARTESIAN_POINT('',(1.4094999949137,-2.6,-0.852554818688076));
#4404=CARTESIAN_POINT('',(1.4094999949137,-2.8,-0.852554818688076));
#4405=CARTESIAN_POINT('',(-1.4094999949137,-2.6,-0.852554818688077));
#4406=CARTESIAN_POINT('',(-1.4094999949137,-2.8,-0.852554818688077));
#4407=CARTESIAN_POINT('',(-1.4094999949137,-2.6,-0.852554818688077));
#4408=CARTESIAN_POINT('',(1.12068660801366E-16,-2.8,-0.3));
#4409=CARTESIAN_POINT('',(1.12068660801366E-16,-2.6,-0.3));
#4410=CARTESIAN_POINT('',(0.,0.,5.25));
#4411=CARTESIAN_POINT('',(0.,0.,-0.686010460552268));
#4412=CARTESIAN_POINT('',(0.,0.,-0.686010460552268));
#4413=CARTESIAN_POINT('',(1.87616630392937,0.3,-0.686010460552268));
#4414=CARTESIAN_POINT('',(1.87616630392937,-0.299999999999999,-0.686010460552268));
#4415=CARTESIAN_POINT('',(1.2,0.3,-0.686010460552268));
#4416=CARTESIAN_POINT('',(0.512347538297981,0.3,-0.686010460552268));
#4417=CARTESIAN_POINT('',(0.512347538297981,0.4,-0.686010460552268));
#4418=CARTESIAN_POINT('',(0.433524840098291,0.338461538461538,-0.686010460552267));
#4419=CARTESIAN_POINT('',(0.,0.,-0.686010460552267));
#4420=CARTESIAN_POINT('',(0.433524840098291,-0.338461538461538,-0.686010460552267));
#4421=CARTESIAN_POINT('',(0.51234753829798,-0.4,-0.686010460552268));
#4422=CARTESIAN_POINT('',(0.51234753829798,-0.3,-0.686010460552268));
#4423=CARTESIAN_POINT('',(-1.2,-0.3,-0.686010460552268));
#4424=CARTESIAN_POINT('',(1.2,0.3,-0.686010460552268));
#4425=CARTESIAN_POINT('',(1.87616630392937,0.3,-0.386010460552268));
#4426=CARTESIAN_POINT('',(1.87616630392937,0.3,-0.286010460552267));
#4427=CARTESIAN_POINT('',(1.87616630392937,0.3,-0.286010460552267));
#4428=CARTESIAN_POINT('',(1.87616630392937,0.3,-0.179593912107615));
#4429=CARTESIAN_POINT('',(1.77969459178506,0.3,-0.0860104605506958));
#4430=CARTESIAN_POINT('',(1.67332005306857,0.3,-0.0860104605504785));
#4431=CARTESIAN_POINT('',(1.67332005306815,0.3,-0.0860104605522676));
#4432=CARTESIAN_POINT('',(1.2,0.3,-0.0860104605522676));
#4433=CARTESIAN_POINT('',(0.512347538297981,0.3,-0.0860104605522676));
#4434=CARTESIAN_POINT('',(0.512347538297981,0.3,-0.686010460552267));
#4435=CARTESIAN_POINT('',(0.,0.,-0.0860104605522676));
#4436=CARTESIAN_POINT('',(0.,0.,-0.0860104605522676));
#4437=CARTESIAN_POINT('',(-1.67332005306815,0.299999999999999,-0.0860104605522676));
#4438=CARTESIAN_POINT('',(1.2,0.3,-0.0860104605522676));
#4439=CARTESIAN_POINT('',(-0.51234753829798,0.299999999999999,-0.0860104605522676));
#4440=CARTESIAN_POINT('',(-0.512347538297981,0.399999999999999,-0.0860104605522676));
#4441=CARTESIAN_POINT('',(-0.433524840098291,0.338461538461538,-0.0860104605522676));
#4442=CARTESIAN_POINT('',(0.,0.,-0.0860104605522676));
#4443=CARTESIAN_POINT('',(-0.338461538461538,0.433524840098291,-0.0860104605522676));
#4444=CARTESIAN_POINT('',(-0.4,0.51234753829798,-0.0860104605522676));
#4445=CARTESIAN_POINT('',(-0.3,0.51234753829798,-0.0860104605522676));
#4446=CARTESIAN_POINT('',(-0.3,1.2,-0.0860104605522676));
#4447=CARTESIAN_POINT('',(-0.3,1.4,-0.0860104605522676));
#4448=CARTESIAN_POINT('',(-0.2,1.4,-0.0860104605522676));
#4449=CARTESIAN_POINT('',(-0.2,1.5,-0.0860104605522676));
#4450=CARTESIAN_POINT('',(0.3,1.5,-0.0860104605522676));
#4451=CARTESIAN_POINT('',(0.2,1.5,-0.0860104605522676));
#4452=CARTESIAN_POINT('',(0.2,1.4,-0.0860104605522676));
#4453=CARTESIAN_POINT('',(0.3,1.4,-0.0860104605522676));
#4454=CARTESIAN_POINT('',(0.3,0.299999999999999,-0.0860104605522676));
#4455=CARTESIAN_POINT('',(0.3,0.51234753829798,-0.0860104605522676));
#4456=CARTESIAN_POINT('',(0.4,0.51234753829798,-0.0860104605522676));
#4457=CARTESIAN_POINT('',(0.338461538461538,0.433524840098291,-0.0860104605522676));
#4458=CARTESIAN_POINT('',(0.,0.,-0.0860104605522676));
#4459=CARTESIAN_POINT('',(0.433524840098291,0.338461538461538,-0.0860104605522676));
#4460=CARTESIAN_POINT('',(0.512347538297981,0.4,-0.0860104605522676));
#4461=CARTESIAN_POINT('',(0.,0.,-0.686010460552268));
#4462=CARTESIAN_POINT('',(-0.3,-0.3,-0.686010460552268));
#4463=CARTESIAN_POINT('',(-0.3,-0.51234753829798,-0.686010460552268));
#4464=CARTESIAN_POINT('',(-0.3,-1.4,-0.686010460552268));
#4465=CARTESIAN_POINT('',(-0.2,-1.4,-0.686010460552268));
#4466=CARTESIAN_POINT('',(-0.2,-1.5,-0.686010460552268));
#4467=CARTESIAN_POINT('',(-0.3,-1.5,-0.686010460552268));
#4468=CARTESIAN_POINT('',(0.2,-1.5,-0.686010460552268));
#4469=CARTESIAN_POINT('',(0.2,-1.4,-0.686010460552268));
#4470=CARTESIAN_POINT('',(0.3,-1.4,-0.686010460552268));
#4471=CARTESIAN_POINT('',(0.3,-1.2,-0.686010460552268));
#4472=CARTESIAN_POINT('',(0.3,-0.51234753829798,-0.686010460552268));
#4473=CARTESIAN_POINT('',(0.4,-0.51234753829798,-0.686010460552268));
#4474=CARTESIAN_POINT('',(0.338461538461538,-0.433524840098291,-0.686010460552267));
#4475=CARTESIAN_POINT('',(0.,0.,-0.686010460552267));
#4476=CARTESIAN_POINT('',(-0.338461538461538,-0.433524840098291,-0.686010460552267));
#4477=CARTESIAN_POINT('',(-0.4,-0.51234753829798,-0.686010460552268));
#4478=CARTESIAN_POINT('',(0.,0.,-0.686010460552268));
#4479=CARTESIAN_POINT('',(0.,0.,-0.686010460552267));
#4480=CARTESIAN_POINT('',(-0.338461538461538,0.433524840098291,-0.686010460552267));
#4481=CARTESIAN_POINT('',(0.338461538461538,0.433524840098291,-0.686010460552267));
#4482=CARTESIAN_POINT('',(0.4,0.51234753829798,-0.686010460552268));
#4483=CARTESIAN_POINT('',(0.3,0.51234753829798,-0.686010460552268));
#4484=CARTESIAN_POINT('',(0.3,0.299999999999999,-0.686010460552268));
#4485=CARTESIAN_POINT('',(0.3,1.4,-0.686010460552268));
#4486=CARTESIAN_POINT('',(0.2,1.4,-0.686010460552268));
#4487=CARTESIAN_POINT('',(0.2,1.5,-0.686010460552268));
#4488=CARTESIAN_POINT('',(0.3,1.5,-0.686010460552268));
#4489=CARTESIAN_POINT('',(-0.2,1.5,-0.686010460552268));
#4490=CARTESIAN_POINT('',(-0.2,1.4,-0.686010460552268));
#4491=CARTESIAN_POINT('',(-0.3,1.4,-0.686010460552268));
#4492=CARTESIAN_POINT('',(-0.3,1.2,-0.686010460552268));
#4493=CARTESIAN_POINT('',(-0.3,0.51234753829798,-0.686010460552268));
#4494=CARTESIAN_POINT('',(-0.4,0.51234753829798,-0.686010460552268));
#4495=CARTESIAN_POINT('',(-1.2,-0.3,-0.686010460552268));
#4496=CARTESIAN_POINT('',(-1.87616630392937,-0.3,-0.386010460552268));
#4497=CARTESIAN_POINT('',(-1.87616630392937,-0.3,-0.686010460552268));
#4498=CARTESIAN_POINT('',(-1.87616630392937,-0.3,-0.286010460552267));
#4499=CARTESIAN_POINT('',(-1.87616630392937,-0.3,-0.286010460552267));
#4500=CARTESIAN_POINT('',(-1.87616630392937,-0.3,-0.179593912107615));
#4501=CARTESIAN_POINT('',(-1.77969459178506,-0.3,-0.0860104605506958));
#4502=CARTESIAN_POINT('',(-1.67332005306857,-0.3,-0.0860104605504785));
#4503=CARTESIAN_POINT('',(-1.67332005306815,-0.3,-0.0860104605522676));
#4504=CARTESIAN_POINT('',(-1.2,-0.3,-0.0860104605522676));
#4505=CARTESIAN_POINT('',(-0.51234753829798,-0.3,-0.0860104605522676));
#4506=CARTESIAN_POINT('',(-0.51234753829798,-0.3,-0.686010460552267));
#4507=CARTESIAN_POINT('',(-0.51234753829798,-0.3,-0.686010460552268));
#4508=CARTESIAN_POINT('',(-1.2,-0.3,-0.686010460552268));
#4509=CARTESIAN_POINT('',(-0.3,1.2,-0.686010460552268));
#4510=CARTESIAN_POINT('',(-0.3,0.51234753829798,-0.686010460552267));
#4511=CARTESIAN_POINT('',(-0.3,1.4,-0.0860104605522676));
#4512=CARTESIAN_POINT('',(0.3,-1.2,-0.686010460552268));
#4513=CARTESIAN_POINT('',(0.3,-1.4,-0.0860104605522676));
#4514=CARTESIAN_POINT('',(0.3,-1.4,-0.0860104605522676));
#4515=CARTESIAN_POINT('',(0.3,-1.2,-0.0860104605522676));
#4516=CARTESIAN_POINT('',(0.3,-0.51234753829798,-0.0860104605522676));
#4517=CARTESIAN_POINT('',(0.3,-0.51234753829798,-0.686010460552267));
#4518=CARTESIAN_POINT('',(0.,0.,-0.0860104605522676));
#4519=CARTESIAN_POINT('',(0.,0.,-0.0860104605522676));
#4520=CARTESIAN_POINT('',(1.67332005306815,-0.3,-0.0860104605522676));
#4521=CARTESIAN_POINT('',(-1.2,-0.3,-0.0860104605522676));
#4522=CARTESIAN_POINT('',(0.51234753829798,-0.3,-0.0860104605522676));
#4523=CARTESIAN_POINT('',(0.51234753829798,-0.4,-0.0860104605522676));
#4524=CARTESIAN_POINT('',(0.433524840098291,-0.338461538461538,-0.0860104605522676));
#4525=CARTESIAN_POINT('',(0.,0.,-0.0860104605522676));
#4526=CARTESIAN_POINT('',(0.338461538461538,-0.433524840098291,-0.0860104605522676));
#4527=CARTESIAN_POINT('',(0.4,-0.51234753829798,-0.0860104605522676));
#4528=CARTESIAN_POINT('',(0.2,-1.4,-0.0860104605522676));
#4529=CARTESIAN_POINT('',(0.2,-1.5,-0.0860104605522676));
#4530=CARTESIAN_POINT('',(-0.3,-1.5,-0.0860104605522676));
#4531=CARTESIAN_POINT('',(-0.2,-1.5,-0.0860104605522676));
#4532=CARTESIAN_POINT('',(-0.2,-1.4,-0.0860104605522676));
#4533=CARTESIAN_POINT('',(-0.3,-1.4,-0.0860104605522676));
#4534=CARTESIAN_POINT('',(-0.3,-0.3,-0.0860104605522676));
#4535=CARTESIAN_POINT('',(-0.3,-0.51234753829798,-0.0860104605522676));
#4536=CARTESIAN_POINT('',(-0.4,-0.51234753829798,-0.0860104605522676));
#4537=CARTESIAN_POINT('',(-0.338461538461538,-0.433524840098291,-0.0860104605522676));
#4538=CARTESIAN_POINT('',(0.,0.,-0.0860104605522676));
#4539=CARTESIAN_POINT('',(-0.433524840098291,-0.338461538461538,-0.0860104605522676));
#4540=CARTESIAN_POINT('',(-0.51234753829798,-0.4,-0.0860104605522676));
#4541=CARTESIAN_POINT('',(0.,0.,1.));
#4542=CARTESIAN_POINT('',(0.,0.,-1.28601046055227));
#4543=CARTESIAN_POINT('',(-1.9,0.,-1.28601046055227));
#4544=CARTESIAN_POINT('',(1.87616630392937,-0.3,-0.386010460552268));
#4545=CARTESIAN_POINT('',(1.87616630392937,-0.3,-0.286010460552267));
#4546=CARTESIAN_POINT('',(0.,0.,-0.286010460552267));
#4547=CARTESIAN_POINT('',(0.,0.,-0.686010460552268));
#4548=CARTESIAN_POINT('',(-1.87616630392937,0.299999999999999,-0.686010460552268));
#4549=CARTESIAN_POINT('',(-1.87616630392937,0.299999999999999,-0.386010460552268));
#4550=CARTESIAN_POINT('',(-1.87616630392937,0.299999999999999,-0.286010460552267));
#4551=CARTESIAN_POINT('',(0.,0.,-0.286010460552267));
#4552=CARTESIAN_POINT('',(0.,0.,-1.28601046055227));
#4553=CARTESIAN_POINT('',(0.,0.,-1.28601046055227));
#4554=CARTESIAN_POINT('',(-1.1,0.,-1.28601046055227));
#4555=CARTESIAN_POINT('',(0.,0.,-4.));
#4556=CARTESIAN_POINT('',(0.,0.,-5.5));
#4557=CARTESIAN_POINT('',(1.1,0.,-5.5));
#4558=CARTESIAN_POINT('',(-1.2,-0.3,-0.686010460552268));
#4559=CARTESIAN_POINT('',(1.67332005306815,-0.3,-0.0860104605522676));
#4560=CARTESIAN_POINT('',(1.77971817804669,-0.3,-0.0860104605522676));
#4561=CARTESIAN_POINT('',(1.87616630392986,-0.3,-0.179566966711488));
#4562=CARTESIAN_POINT('',(1.87616630392993,-0.3,-0.286010460552149));
#4563=CARTESIAN_POINT('',(0.51234753829798,-0.3,-0.0860104605522676));
#4564=CARTESIAN_POINT('',(1.2,0.3,-0.686010460552268));
#4565=CARTESIAN_POINT('',(-1.67332005306815,0.299999999999999,-0.0860104605522676));
#4566=CARTESIAN_POINT('',(-1.77971817804669,0.299999999999999,-0.0860104605522676));
#4567=CARTESIAN_POINT('',(-1.87616630392986,0.299999999999999,-0.179566966711488));
#4568=CARTESIAN_POINT('',(-1.87616630392993,0.299999999999999,-0.286010460552149));
#4569=CARTESIAN_POINT('',(1.2,0.3,-0.686010460552268));
#4570=CARTESIAN_POINT('',(-0.51234753829798,0.299999999999999,-0.686010460552268));
#4571=CARTESIAN_POINT('',(-0.512347538297981,0.299999999999999,-0.0860104605522676));
#4572=CARTESIAN_POINT('',(0.,0.,-0.686010460552268));
#4573=CARTESIAN_POINT('',(-0.51234753829798,-0.4,-0.686010460552268));
#4574=CARTESIAN_POINT('',(-0.433524840098291,-0.338461538461538,-0.686010460552267));
#4575=CARTESIAN_POINT('',(0.,0.,-0.686010460552267));
#4576=CARTESIAN_POINT('',(-0.433524840098291,0.338461538461538,-0.686010460552267));
#4577=CARTESIAN_POINT('',(-0.512347538297981,0.399999999999999,-0.686010460552268));
#4578=CARTESIAN_POINT('',(0.3,1.5,-0.686010460552268));
#4579=CARTESIAN_POINT('',(0.2,1.5,-0.0860104605522676));
#4580=CARTESIAN_POINT('',(-0.2,1.5,-0.686010460552268));
#4581=CARTESIAN_POINT('',(0.3,0.299999999999999,-0.686010460552268));
#4582=CARTESIAN_POINT('',(0.3,0.51234753829798,-0.0860104605522676));
#4583=CARTESIAN_POINT('',(0.3,1.4,-0.686010460552268));
#4584=CARTESIAN_POINT('',(-0.3,-0.3,-0.686010460552268));
#4585=CARTESIAN_POINT('',(-0.3,-1.4,-0.686010460552268));
#4586=CARTESIAN_POINT('',(-0.3,-0.51234753829798,-0.0860104605522676));
#4587=CARTESIAN_POINT('',(-0.3,-1.5,-0.686010460552268));
#4588=CARTESIAN_POINT('',(-0.2,-1.5,-0.0860104605522676));
#4589=CARTESIAN_POINT('',(0.2,-1.5,-0.686010460552268));
#4590=CARTESIAN_POINT('',(0.,0.,-0.886010460552268));
#4591=CARTESIAN_POINT('',(0.,0.,-0.886010460552268));
#4592=CARTESIAN_POINT('',(-0.45,0.,-0.886010460552268));
#4593=CARTESIAN_POINT('',(0.,0.,-0.886010460552268));
#4594=CARTESIAN_POINT('',(0.,0.,-0.786010460552268));
#4595=CARTESIAN_POINT('',(-0.55,0.,-0.786010460552268));
#4596=CARTESIAN_POINT('',(0.338461538461539,-0.433524840098291,-0.886010460552268));
#4597=CARTESIAN_POINT('',(0.433524840098291,-0.338461538461538,-0.886010460552268));
#4598=CARTESIAN_POINT('',(0.433524840098291,0.338461538461538,-0.886010460552268));
#4599=CARTESIAN_POINT('',(0.338461538461539,0.433524840098291,-0.886010460552268));
#4600=CARTESIAN_POINT('',(-0.338461538461539,0.433524840098291,-0.886010460552268));
#4601=CARTESIAN_POINT('',(-0.433524840098291,0.338461538461538,-0.886010460552268));
#4602=CARTESIAN_POINT('',(-0.433524840098291,-0.338461538461538,-0.886010460552268));
#4603=CARTESIAN_POINT('',(-0.338461538461539,-0.433524840098291,-0.886010460552268));
#4604=CARTESIAN_POINT('',(-0.2,1.4,-0.686010460552268));
#4605=CARTESIAN_POINT('',(0.2,1.4,-0.686010460552268));
#4606=CARTESIAN_POINT('',(0.,0.,-0.786010460552268));
#4607=CARTESIAN_POINT('',(-0.4,0.51234753829798,-0.886010460552268));
#4608=CARTESIAN_POINT('',(-0.512347538297981,0.399999999999999,-0.886010460552268));
#4609=CARTESIAN_POINT('',(-0.51234753829798,-0.4,-0.886010460552268));
#4610=CARTESIAN_POINT('',(-0.4,-0.51234753829798,-0.886010460552268));
#4611=CARTESIAN_POINT('',(0.4,0.51234753829798,-0.886010460552268));
#4612=CARTESIAN_POINT('',(0.512347538297981,0.4,-0.886010460552268));
#4613=CARTESIAN_POINT('',(0.51234753829798,-0.4,-0.886010460552268));
#4614=CARTESIAN_POINT('',(0.4,-0.51234753829798,-0.886010460552268));
#4615=CARTESIAN_POINT('',(0.2,-1.4,-0.686010460552268));
#4616=CARTESIAN_POINT('',(-0.2,-1.4,-0.686010460552268));
#4617=CARTESIAN_POINT('',(0.,0.,-5.5));
#4618=CARTESIAN_POINT('',(0.,0.,-6.5));
#4619=CARTESIAN_POINT('',(0.9,0.,-6.5));
#4620=CARTESIAN_POINT('',(0.,0.,-5.5));
#4621=CARTESIAN_POINT('',(0.9,0.,-5.5));
#4622=CARTESIAN_POINT('',(0.,0.,-5.5));
#4623=CARTESIAN_POINT('',(0.,0.,-6.75));
#4624=CARTESIAN_POINT('',(0.,0.,-6.75));
#4625=CARTESIAN_POINT('',(0.65,0.,-6.75));
#4626=CARTESIAN_POINT('',(0.,0.,-6.5));
#4627=CARTESIAN_POINT('',(0.,0.,-0.286010460552267));
#4628=CARTESIAN_POINT('',(0.,0.,-0.286010460552267));
#4629=CARTESIAN_POINT('',(0.,0.,10.1));
#4630=CARTESIAN_POINT('',(-2.5,0.,0.));
#4631=CARTESIAN_POINT('',(2.5,0.,0.));
#4632=MECHANICAL_DESIGN_GEOMETRIC_PRESENTATION_REPRESENTATION('',(#2748,
#2749,#2750,#2751),#4633);
#4633=(
GEOMETRIC_REPRESENTATION_CONTEXT(3)
GLOBAL_UNCERTAINTY_ASSIGNED_CONTEXT((#4639))
GLOBAL_UNIT_ASSIGNED_CONTEXT((#4647,#4646,#4645))
REPRESENTATION_CONTEXT('KLS2-126-02P','TOP_LEVEL_ASSEMBLY_PART')
);
#4634=(
GEOMETRIC_REPRESENTATION_CONTEXT(3)
GLOBAL_UNCERTAINTY_ASSIGNED_CONTEXT((#4640))
GLOBAL_UNIT_ASSIGNED_CONTEXT((#4647,#4646,#4645))
REPRESENTATION_CONTEXT('KLS2-126-5.0-02P_body','COMPONENT_PART')
);
#4635=(
GEOMETRIC_REPRESENTATION_CONTEXT(3)
GLOBAL_UNCERTAINTY_ASSIGNED_CONTEXT((#4641))
GLOBAL_UNIT_ASSIGNED_CONTEXT((#4647,#4646,#4645))
REPRESENTATION_CONTEXT('KLS2-126_pin','COMPONENT_PART')
);
#4636=(
GEOMETRIC_REPRESENTATION_CONTEXT(3)
GLOBAL_UNCERTAINTY_ASSIGNED_CONTEXT((#4642))
GLOBAL_UNIT_ASSIGNED_CONTEXT((#4647,#4646,#4645))
REPRESENTATION_CONTEXT('KLS2-126_pin_body','COMPONENT_PART')
);
#4637=(
GEOMETRIC_REPRESENTATION_CONTEXT(3)
GLOBAL_UNCERTAINTY_ASSIGNED_CONTEXT((#4643))
GLOBAL_UNIT_ASSIGNED_CONTEXT((#4647,#4646,#4645))
REPRESENTATION_CONTEXT('KLS2-126_spring','COMPONENT_PART')
);
#4638=(
GEOMETRIC_REPRESENTATION_CONTEXT(3)
GLOBAL_UNCERTAINTY_ASSIGNED_CONTEXT((#4644))
GLOBAL_UNIT_ASSIGNED_CONTEXT((#4647,#4646,#4645))
REPRESENTATION_CONTEXT('KLS2-126_screw_S','COMPONENT_PART')
);
#4639=UNCERTAINTY_MEASURE_WITH_UNIT(LENGTH_MEASURE(0.005),#4647,
'DISTANCE_ACCURACY_VALUE','Maximum Tolerance applied to model');
#4640=UNCERTAINTY_MEASURE_WITH_UNIT(LENGTH_MEASURE(0.005),#4647,
'DISTANCE_ACCURACY_VALUE','Maximum Tolerance applied to model');
#4641=UNCERTAINTY_MEASURE_WITH_UNIT(LENGTH_MEASURE(0.005),#4647,
'DISTANCE_ACCURACY_VALUE','Maximum Tolerance applied to model');
#4642=UNCERTAINTY_MEASURE_WITH_UNIT(LENGTH_MEASURE(0.005),#4647,
'DISTANCE_ACCURACY_VALUE','Maximum Tolerance applied to model');
#4643=UNCERTAINTY_MEASURE_WITH_UNIT(LENGTH_MEASURE(0.005),#4647,
'DISTANCE_ACCURACY_VALUE','Maximum Tolerance applied to model');
#4644=UNCERTAINTY_MEASURE_WITH_UNIT(LENGTH_MEASURE(0.005),#4647,
'DISTANCE_ACCURACY_VALUE','Maximum Tolerance applied to model');
#4645=(
NAMED_UNIT(*)
SI_UNIT($,.STERADIAN.)
SOLID_ANGLE_UNIT()
);
#4646=(
NAMED_UNIT(*)
PLANE_ANGLE_UNIT()
SI_UNIT($,.RADIAN.)
);
#4647=(
LENGTH_UNIT()
NAMED_UNIT(*)
SI_UNIT(.MILLI.,.METRE.)
);
#4648=PRODUCT_DEFINITION_SHAPE('','',#4660);
#4649=PRODUCT_DEFINITION_SHAPE('','',#4661);
#4650=PRODUCT_DEFINITION_SHAPE(' ','NAUO PRDDFN',#32);
#4651=PRODUCT_DEFINITION_SHAPE('','',#4662);
#4652=PRODUCT_DEFINITION_SHAPE('','',#4663);
#4653=PRODUCT_DEFINITION_SHAPE(' ','NAUO PRDDFN',#33);
#4654=PRODUCT_DEFINITION_SHAPE('','',#4664);
#4655=PRODUCT_DEFINITION_SHAPE(' ','NAUO PRDDFN',#34);
#4656=PRODUCT_DEFINITION_SHAPE('','',#4665);
#4657=PRODUCT_DEFINITION_SHAPE(' ','NAUO PRDDFN',#35);
#4658=PRODUCT_DEFINITION_SHAPE(' ','NAUO PRDDFN',#36);
#4659=PRODUCT_DEFINITION_SHAPE(' ','NAUO PRDDFN',#37);
#4660=PRODUCT_DEFINITION('','',#4672,#4666);
#4661=PRODUCT_DEFINITION('','',#4673,#4667);
#4662=PRODUCT_DEFINITION('','',#4674,#4668);
#4663=PRODUCT_DEFINITION('','',#4675,#4669);
#4664=PRODUCT_DEFINITION('','',#4676,#4670);
#4665=PRODUCT_DEFINITION('','',#4677,#4671);
#4666=PRODUCT_DEFINITION_CONTEXT('',#4703,'design');
#4667=PRODUCT_DEFINITION_CONTEXT('',#4703,'design');
#4668=PRODUCT_DEFINITION_CONTEXT('',#4703,'design');
#4669=PRODUCT_DEFINITION_CONTEXT('',#4703,'design');
#4670=PRODUCT_DEFINITION_CONTEXT('',#4703,'design');
#4671=PRODUCT_DEFINITION_CONTEXT('',#4703,'design');
#4672=PRODUCT_DEFINITION_FORMATION_WITH_SPECIFIED_SOURCE('','',#4684,
 .NOT_KNOWN.);
#4673=PRODUCT_DEFINITION_FORMATION_WITH_SPECIFIED_SOURCE('','',#4685,
 .NOT_KNOWN.);
#4674=PRODUCT_DEFINITION_FORMATION_WITH_SPECIFIED_SOURCE('','',#4686,
 .NOT_KNOWN.);
#4675=PRODUCT_DEFINITION_FORMATION_WITH_SPECIFIED_SOURCE('','',#4687,
 .NOT_KNOWN.);
#4676=PRODUCT_DEFINITION_FORMATION_WITH_SPECIFIED_SOURCE('','',#4688,
 .NOT_KNOWN.);
#4677=PRODUCT_DEFINITION_FORMATION_WITH_SPECIFIED_SOURCE('','',#4689,
 .NOT_KNOWN.);
#4678=PRODUCT_RELATED_PRODUCT_CATEGORY('','',(#4684));
#4679=PRODUCT_RELATED_PRODUCT_CATEGORY('','',(#4685));
#4680=PRODUCT_RELATED_PRODUCT_CATEGORY('','',(#4686));
#4681=PRODUCT_RELATED_PRODUCT_CATEGORY('','',(#4687));
#4682=PRODUCT_RELATED_PRODUCT_CATEGORY('','',(#4688));
#4683=PRODUCT_RELATED_PRODUCT_CATEGORY('','',(#4689));
#4684=PRODUCT('KLS2-126-02P','KLS2-126-02P','KLS2-126-02P',(#4696));
#4685=PRODUCT('KLS2-126-5.0-02P_body','KLS2-126-5.0-02P_body',
'KLS2-126-5.0-02P_body',(#4697));
#4686=PRODUCT('KLS2-126_pin','KLS2-126_pin','KLS2-126_pin',(#4698));
#4687=PRODUCT('KLS2-126_pin_body','KLS2-126_pin_body',
'KLS2-126_pin_body',(#4699));
#4688=PRODUCT('KLS2-126_spring','KLS2-126_spring','KLS2-126_spring',(#4700));
#4689=PRODUCT('KLS2-126_screw_S','KLS2-126_screw_S','KLS2-126_screw_S',
(#4701));
#4690=PRODUCT_CATEGORY('','');
#4691=PRODUCT_CATEGORY('','');
#4692=PRODUCT_CATEGORY('','');
#4693=PRODUCT_CATEGORY('','');
#4694=PRODUCT_CATEGORY('','');
#4695=PRODUCT_CATEGORY('','');
#4696=PRODUCT_CONTEXT('',#4703,'mechanical');
#4697=PRODUCT_CONTEXT('',#4703,'mechanical');
#4698=PRODUCT_CONTEXT('',#4703,'mechanical');
#4699=PRODUCT_CONTEXT('',#4703,'mechanical');
#4700=PRODUCT_CONTEXT('',#4703,'mechanical');
#4701=PRODUCT_CONTEXT('',#4703,'mechanical');
#4702=APPLICATION_PROTOCOL_DEFINITION('international standard',
'automotive_design',2010,#4703);
#4703=APPLICATION_CONTEXT(
'core data for automotive mechanical design processes');
ENDSEC;
END-ISO-10303-21;
